account_id,customer_id,account_balance,account_status,last_updated
A00001,C0001,151656.43,Active,18-07-2025
A00002,C0002,380783.06,Active,19-05-2025
A00003,C0003,177779.61,Active,01-02-2025
A00004,C0004,474586.53,Active,22-01-2025
A00005,C0005,481192.79,Active,30-09-2024
A00006,C0006,310833.39,Active,26-06-2025
A00007,C0007,464401.48,Active,05-03-2025
A00008,C0008,380666.32,Active,22-10-2024
A00009,C0009,273882.96,Active,06-02-2025
A00010,C0010,90973.66,Active,08-02-2025
A00011,C0011,229840.37,Active,05-10-2024
A00012,C0012,280876.36,Inactive,04-09-2025
A00013,C0013,432116.83,Active,22-04-2025
A00014,C0014,241185.35,Active,19-04-2025
A00015,C0015,448939.66,Active,27-03-2025
A00016,C0016,337500.14,Active,19-06-2025
A00017,C0017,69362.53,Inactive,31-05-2025
A00018,C0018,497495.7,Active,01-01-2025
A00019,C0019,264089.1,Active,14-11-2024
A00020,C0020,196537.29,Active,16-01-2025
A00021,C0021,329897.77,Active,19-10-2024
A00022,C0022,55337.76,Active,21-09-2025
A00023,C0023,318632.78,Active,26-05-2025
A00024,C0024,249619.76,Active,21-09-2025
A00025,C0025,203930.36,Active,05-07-2025
A00026,C0026,476556.99,Active,25-02-2025
A00027,C0027,261747.32,Inactive,03-01-2025
A00028,C0028,110339.62,Active,02-09-2025
A00029,C0029,230022.78,Active,23-03-2025
A00030,C0030,459774.31,Active,07-10-2024
A00031,C0031,88871.64,Inactive,10-06-2025
A00032,C0032,107764.56,Active,29-09-2024
A00033,C0033,7501.75,Inactive,06-02-2025
A00034,C0034,8080.83,Active,12-06-2025
A00035,C0035,414866.42,Active,08-10-2024
A00036,C0036,366329.18,Active,29-01-2025
A00037,C0037,178165.49,Active,11-10-2024
A00038,C0038,349457.27,Active,23-03-2025
A00039,C0039,198207.76,Active,10-12-2024
A00040,C0040,476495.5,Active,01-01-2025
A00041,C0041,483559.29,Active,18-06-2025
A00042,C0042,197004.09,Active,01-06-2025
A00043,C0043,427256.73,Active,19-12-2024
A00044,C0044,386771.43,Active,26-01-2025
A00045,C0045,155689.97,Active,27-08-2025
A00046,C0046,116787.87,Active,03-08-2025
A00047,C0047,229659.09,Active,27-10-2024
A00048,C0048,390893.07,Inactive,29-05-2025
A00049,C0049,480123.72,Active,13-08-2025
A00050,C0050,382025.96,Active,03-12-2024
A00051,C0051,427748.29,Active,20-07-2025
A00052,C0052,301929.09,Inactive,22-01-2025
A00053,C0053,417868.51,Active,26-10-2024
A00054,C0054,392426.01,Active,28-11-2024
A00055,C0055,189115.79,Inactive,05-10-2024
A00056,C0056,276443.16,Active,13-11-2024
A00057,C0057,402571.81,Active,01-11-2024
A00058,C0058,23982.31,Active,02-01-2025
A00059,C0059,404231.56,Active,26-12-2024
A00060,C0060,89766.17,Active,18-05-2025
A00061,C0061,257827.12,Active,04-05-2025
A00062,C0062,404329.44,Active,01-02-2025
A00063,C0063,127656.72,Inactive,16-12-2024
A00064,C0064,123657.91,Active,08-01-2025
A00065,C0065,201979.43,Active,30-08-2025
A00066,C0066,447426.76,Active,08-12-2024
A00067,C0067,1220.95,Active,26-01-2025
A00068,C0068,450790.17,Active,14-05-2025
A00069,C0069,77749.71,Active,24-10-2024
A00070,C0070,495053.1,Active,19-03-2025
A00071,C0071,477468.65,Active,01-05-2025
A00072,C0072,247842.92,Active,01-03-2025
A00073,C0073,256847.4,Active,06-03-2025
A00074,C0074,241293.12,Active,16-01-2025
A00075,C0075,318086.38,Active,01-09-2025
A00076,C0076,46270.13,Active,08-06-2025
A00077,C0077,17276.36,Inactive,17-09-2025
A00078,C0078,29793.76,Active,06-03-2025
A00079,C0079,222738.31,Active,10-08-2025
A00080,C0080,138498.42,Active,16-12-2024
A00081,C0081,311397.74,Active,10-10-2024
A00082,C0082,496228.7,Active,21-03-2025
A00083,C0083,193775.26,Inactive,01-08-2025
A00084,C0084,287346.79,Active,16-10-2024
A00085,C0085,208386.34,Active,02-02-2025
A00086,C0086,423788.56,Active,25-01-2025
A00087,C0087,451215.97,Active,21-06-2025
A00088,C0088,438800.45,Active,28-04-2025
A00089,C0089,487211.75,Active,04-03-2025
A00090,C0090,14732.07,Active,30-06-2025
A00091,C0091,420068.26,Active,01-05-2025
A00092,C0092,376134.31,Active,20-11-2024
A00093,C0093,115118.51,Active,13-06-2025
A00094,C0094,478203.73,Inactive,18-06-2025
A00095,C0095,74940.79,Active,10-09-2025
A00096,C0096,340095.41,Active,13-02-2025
A00097,C0097,113220.22,Active,11-12-2024
A00098,C0098,216258.94,Inactive,07-05-2025
A00099,C0099,359860.79,Inactive,26-11-2024
A00100,C0100,282099,Active,09-12-2024
A00101,C0101,214323.41,Active,26-12-2024
A00102,C0102,163842.88,Active,10-09-2025
A00103,C0103,419990.17,Active,03-02-2025
A00104,C0104,72763.36,Active,27-01-2025
A00105,C0105,215621.34,Active,22-10-2024
A00106,C0106,451975.03,Active,17-03-2025
A00107,C0107,423078.93,Active,17-06-2025
A00108,C0108,201069.94,Active,25-12-2024
A00109,C0109,381791.07,Inactive,22-06-2025
A00110,C0110,411757.25,Active,25-10-2024
A00111,C0111,444554.82,Active,03-11-2024
A00112,C0112,272708.38,Active,25-06-2025
A00113,C0113,103025.98,Active,05-12-2024
A00114,C0114,128399.23,Active,14-08-2025
A00115,C0115,148551.64,Active,19-05-2025
A00116,C0116,297307.44,Inactive,11-07-2025
A00117,C0117,17372,Active,14-12-2024
A00118,C0118,318385.19,Active,05-02-2025
A00119,C0119,182812.76,Active,29-04-2025
A00120,C0120,148325.66,Active,21-08-2025
A00121,C0121,439868.79,Active,13-06-2025
A00122,C0122,230541.2,Active,05-08-2025
A00123,C0123,48431.47,Active,29-10-2024
A00124,C0124,413546.64,Active,14-12-2024
A00125,C0125,24772.99,Active,21-03-2025
A00126,C0126,363647.86,Active,22-06-2025
A00127,C0127,387179.2,Active,28-03-2025
A00128,C0128,176948.7,Active,17-09-2025
A00129,C0129,412569.14,Active,09-10-2024
A00130,C0130,258314.04,Active,16-09-2025
A00131,C0131,232183.53,Inactive,07-06-2025
A00132,C0132,23656.24,Active,11-05-2025
A00133,C0133,145724.57,Active,24-09-2024
A00134,C0134,465573.98,Inactive,29-11-2024
A00135,C0135,196520.16,Active,27-03-2025
A00136,C0136,273803.56,Active,03-02-2025
A00137,C0137,266478.82,Active,06-04-2025
A00138,C0138,295625.11,Active,16-01-2025
A00139,C0139,31604.15,Active,05-06-2025
A00140,C0140,181725.95,Active,17-10-2024
A00141,C0141,361841.01,Active,21-09-2025
A00142,C0142,101079.57,Active,24-05-2025
A00143,C0143,102585.61,Inactive,22-10-2024
A00144,C0144,6035.21,Active,04-08-2025
A00145,C0145,219303.48,Inactive,15-02-2025
A00146,C0146,441484.46,Active,30-05-2025
A00147,C0147,26898.57,Active,06-08-2025
A00148,C0148,96368.24,Active,13-03-2025
A00149,C0149,155732.18,Active,15-12-2024
A00150,C0150,366130.64,Active,10-09-2025
A00151,C0151,320677.16,Active,03-01-2025
A00152,C0152,208556.01,Active,26-06-2025
A00153,C0153,379775.4,Inactive,02-07-2025
A00154,C0154,305205.87,Active,27-02-2025
A00155,C0155,448124.36,Active,24-02-2025
A00156,C0156,409195.35,Active,30-09-2024
A00157,C0157,127153.99,Active,25-04-2025
A00158,C0158,136447.85,Active,16-07-2025
A00159,C0159,63552.88,Active,13-02-2025
A00160,C0160,169145.4,Active,22-12-2024
A00161,C0161,499772.42,Inactive,24-10-2024
A00162,C0162,203469.83,Active,06-05-2025
A00163,C0163,111023.73,Active,31-03-2025
A00164,C0164,381478.96,Active,28-01-2025
A00165,C0165,271693.03,Active,24-12-2024
A00166,C0166,75651.12,Active,05-07-2025
A00167,C0167,190964.15,Active,12-03-2025
A00168,C0168,207820.39,Inactive,07-10-2024
A00169,C0169,377161.02,Active,11-05-2025
A00170,C0170,11315.01,Active,01-09-2025
A00171,C0171,135240.8,Inactive,17-09-2025
A00172,C0172,259280.55,Active,22-12-2024
A00173,C0173,135154.52,Active,29-04-2025
A00174,C0174,314588.59,Active,25-08-2025
A00175,C0175,241451.87,Active,27-04-2025
A00176,C0176,181493.42,Active,18-01-2025
A00177,C0177,474655.1,Active,28-06-2025
A00178,C0178,316447.59,Active,13-03-2025
A00179,C0179,65840.74,Active,07-11-2024
A00180,C0180,280485.76,Active,14-12-2024
A00181,C0181,390585.19,Active,07-08-2025
A00182,C0182,354536.36,Active,29-06-2025
A00183,C0183,86872.53,Active,04-07-2025
A00184,C0184,486237.58,Active,11-12-2024
A00185,C0185,224958.01,Active,13-02-2025
A00186,C0186,80353.48,Active,04-07-2025
A00187,C0187,90917.68,Inactive,22-01-2025
A00188,C0188,50019.26,Active,11-11-2024
A00189,C0189,401955.54,Active,10-12-2024
A00190,C0190,61893.22,Active,29-11-2024
A00191,C0191,63437.5,Active,08-08-2025
A00192,C0192,425385.34,Active,15-09-2025
A00193,C0193,172957.44,Inactive,19-09-2025
A00194,C0194,16398.09,Active,12-06-2025
A00195,C0195,26895.75,Active,30-06-2025
A00196,C0196,71943.05,Active,25-12-2024
A00197,C0197,107483.28,Inactive,19-04-2025
A00198,C0198,332907.95,Active,14-01-2025
A00199,C0199,79505.81,Inactive,21-08-2025
A00200,C0200,60318.32,Active,28-11-2024
A00201,C0201,382594.85,Active,21-02-2025
A00202,C0202,335856.59,Active,16-01-2025
A00203,C0203,218226.79,Active,19-05-2025
A00204,C0204,275105.58,Active,13-11-2024
A00205,C0205,156680.03,Active,17-07-2025
A00206,C0206,241767.71,Active,24-07-2025
A00207,C0207,253829.65,Active,07-10-2024
A00208,C0208,194231.4,Active,13-08-2025
A00209,C0209,453379.53,Active,23-10-2024
A00210,C0210,9014.87,Active,25-06-2025
A00211,C0211,391303.46,Active,01-03-2025
A00212,C0212,63067.03,Active,20-12-2024
A00213,C0213,398976.13,Active,22-06-2025
A00214,C0214,308340.05,Active,05-03-2025
A00215,C0215,421795.77,Active,02-06-2025
A00216,C0216,49659.65,Active,12-02-2025
A00217,C0217,279931.34,Active,07-03-2025
A00218,C0218,251042.85,Active,17-01-2025
A00219,C0219,353390.4,Active,15-04-2025
A00220,C0220,267610.99,Active,14-10-2024
A00221,C0221,270826.55,Active,22-12-2024
A00222,C0222,215368.38,Active,11-11-2024
A00223,C0223,155108.38,Active,18-12-2024
A00224,C0224,241649.92,Active,19-07-2025
A00225,C0225,60127.69,Active,19-09-2025
A00226,C0226,480795.16,Active,01-02-2025
A00227,C0227,357490.97,Active,22-04-2025
A00228,C0228,476281.09,Active,26-05-2025
A00229,C0229,114136.96,Inactive,14-04-2025
A00230,C0230,439791.17,Active,04-09-2025
A00231,C0231,404586.2,Active,18-01-2025
A00232,C0232,338899.05,Active,20-05-2025
A00233,C0233,312889.56,Active,18-01-2025
A00234,C0234,158958.28,Active,17-12-2024
A00235,C0235,408388.98,Active,23-06-2025
A00236,C0236,251256.22,Active,22-09-2024
A00237,C0237,36374.9,Active,03-07-2025
A00238,C0238,157118.72,Inactive,19-11-2024
A00239,C0239,467713.25,Active,21-05-2025
A00240,C0240,425489.45,Active,25-10-2024
A00241,C0241,490970.94,Active,28-05-2025
A00242,C0242,314368.7,Active,29-04-2025
A00243,C0243,124507.53,Active,12-03-2025
A00244,C0244,82244.71,Active,19-02-2025
A00245,C0245,94270.31,Active,04-12-2024
A00246,C0246,10878.03,Active,13-07-2025
A00247,C0247,195950.37,Active,13-01-2025
A00248,C0248,96522.41,Active,15-04-2025
A00249,C0249,206416.07,Active,30-07-2025
A00250,C0250,467562.22,Inactive,01-03-2025
A00251,C0251,215839.56,Active,25-02-2025
A00252,C0252,439114.26,Active,04-03-2025
A00253,C0253,303146.88,Active,18-07-2025
A00254,C0254,124318.65,Active,01-03-2025
A00255,C0255,178571.52,Active,29-12-2024
A00256,C0256,42875.85,Active,30-09-2024
A00257,C0257,167397.83,Inactive,04-09-2025
A00258,C0258,339092.93,Active,24-02-2025
A00259,C0259,36983.44,Active,27-07-2025
A00260,C0260,103495.3,Active,21-10-2024
A00261,C0261,191339.08,Active,26-11-2024
A00262,C0262,491042.72,Active,08-06-2025
A00263,C0263,392646.05,Active,14-11-2024
A00264,C0264,367009.89,Active,01-03-2025
A00265,C0265,58979.29,Active,30-10-2024
A00266,C0266,390716.95,Active,09-04-2025
A00267,C0267,392849.14,Inactive,24-03-2025
A00268,C0268,300950.25,Active,08-02-2025
A00269,C0269,495190.53,Active,06-04-2025
A00270,C0270,163301.7,Active,20-11-2024
A00271,C0271,470694.95,Active,06-08-2025
A00272,C0272,457450.83,Active,27-10-2024
A00273,C0273,6728.85,Active,05-01-2025
A00274,C0274,225608.15,Active,05-02-2025
A00275,C0275,488575.01,Active,15-01-2025
A00276,C0276,52457.56,Active,30-08-2025
A00277,C0277,274344.56,Inactive,26-09-2024
A00278,C0278,489499.8,Active,08-11-2024
A00279,C0279,278192.22,Active,07-05-2025
A00280,C0280,95717.84,Active,10-05-2025
A00281,C0281,291509.43,Active,30-05-2025
A00282,C0282,103015.85,Active,09-04-2025
A00283,C0283,260332.43,Active,27-05-2025
A00284,C0284,37947.07,Active,03-02-2025
A00285,C0285,303135.85,Active,10-06-2025
A00286,C0286,258878.18,Active,24-12-2024
A00287,C0287,370340.52,Active,15-07-2025
A00288,C0288,315719.54,Active,19-02-2025
A00289,C0289,275253.53,Active,13-11-2024
A00290,C0290,345199.65,Active,16-06-2025
A00291,C0291,72827.01,Active,04-08-2025
A00292,C0292,298084.47,Active,29-12-2024
A00293,C0293,86883.19,Active,30-05-2025
A00294,C0294,462835.58,Active,20-07-2025
A00295,C0295,35098.72,Active,23-04-2025
A00296,C0296,215757,Active,08-06-2025
A00297,C0297,348202.94,Active,23-03-2025
A00298,C0298,229553.08,Active,01-03-2025
A00299,C0299,46955.53,Active,16-09-2025
A00300,C0300,277136.13,Active,24-06-2025
A00301,C0301,321174.32,Active,02-05-2025
A00302,C0302,352192.36,Active,27-10-2024
A00303,C0303,187256.65,Active,02-12-2024
A00304,C0304,282266.33,Inactive,19-12-2024
A00305,C0305,225892.55,Active,15-11-2024
A00306,C0306,336355.96,Active,28-06-2025
A00307,C0307,292194.93,Inactive,06-09-2025
A00308,C0308,263352.35,Inactive,25-01-2025
A00309,C0309,125512.66,Active,08-04-2025
A00310,C0310,2007.24,Active,19-03-2025
A00311,C0311,87866.76,Active,14-12-2024
A00312,C0312,59415.95,Active,26-04-2025
A00313,C0313,225093.29,Active,27-12-2024
A00314,C0314,306516.82,Active,23-10-2024
A00315,C0315,107329.42,Active,20-06-2025
A00316,C0316,469589.49,Inactive,01-04-2025
A00317,C0317,4334.38,Active,31-10-2024
A00318,C0318,386378.21,Active,20-04-2025
A00319,C0319,312977.18,Active,10-12-2024
A00320,C0320,187403.85,Active,27-12-2024
A00321,C0321,26193.98,Active,06-09-2025
A00322,C0322,314115.8,Active,13-07-2025
A00323,C0323,193421.14,Active,07-01-2025
A00324,C0324,468197.3,Active,16-05-2025
A00325,C0325,271453.05,Active,02-12-2024
A00326,C0326,469886.1,Inactive,02-04-2025
A00327,C0327,111021.36,Active,31-08-2025
A00328,C0328,363137.23,Active,20-07-2025
A00329,C0329,309007.26,Active,19-01-2025
A00330,C0330,369964.71,Active,27-11-2024
A00331,C0331,108119.26,Active,04-05-2025
A00332,C0332,332832.26,Active,26-07-2025
A00333,C0333,249522.16,Active,25-05-2025
A00334,C0334,371669.66,Active,06-07-2025
A00335,C0335,164195.28,Active,15-06-2025
A00336,C0336,445138.46,Active,07-12-2024
A00337,C0337,43066.36,Active,06-11-2024
A00338,C0338,403787.47,Active,07-11-2024
A00339,C0339,430798.49,Active,29-03-2025
A00340,C0340,408808.9,Active,07-06-2025
A00341,C0341,256850.47,Active,05-04-2025
A00342,C0342,219754.11,Active,25-03-2025
A00343,C0343,498134.88,Active,11-11-2024
A00344,C0344,115356.8,Active,01-08-2025
A00345,C0345,273891.11,Active,10-09-2025
A00346,C0346,335667.09,Active,29-08-2025
A00347,C0347,350732.95,Active,05-04-2025
A00348,C0348,102808.31,Active,23-05-2025
A00349,C0349,327343.05,Active,09-01-2025
A00350,C0350,409366.41,Active,09-07-2025
A00351,C0351,25959.27,Active,09-02-2025
A00352,C0352,455849.13,Inactive,22-02-2025
A00353,C0353,15722.52,Active,06-01-2025
A00354,C0354,178629.55,Inactive,25-01-2025
A00355,C0355,8890.78,Inactive,03-02-2025
A00356,C0356,39495.44,Active,13-05-2025
A00357,C0357,455672.97,Active,29-10-2024
A00358,C0358,178075.55,Inactive,28-11-2024
A00359,C0359,212960.99,Active,16-12-2024
A00360,C0360,108456.85,Active,21-07-2025
A00361,C0361,298950.79,Active,01-12-2024
A00362,C0362,297806.8,Active,22-02-2025
A00363,C0363,186728,Active,28-09-2024
A00364,C0364,167184.4,Active,08-05-2025
A00365,C0365,442597.19,Active,05-06-2025
A00366,C0366,192258.84,Active,27-05-2025
A00367,C0367,247257,Inactive,27-08-2025
A00368,C0368,142369.08,Active,23-10-2024
A00369,C0369,393597.98,Active,30-07-2025
A00370,C0370,199326.63,Active,16-10-2024
A00371,C0371,257291.91,Active,03-08-2025
A00372,C0372,127425.23,Active,16-04-2025
A00373,C0373,493842.14,Inactive,21-10-2024
A00374,C0374,146456.37,Active,08-10-2024
A00375,C0375,385600.52,Active,07-12-2024
A00376,C0376,214320.33,Active,16-12-2024
A00377,C0377,103902.49,Active,23-03-2025
A00378,C0378,400059.66,Inactive,01-08-2025
A00379,C0379,167469.79,Active,01-11-2024
A00380,C0380,432731.48,Active,03-11-2024
A00381,C0381,457713.34,Active,11-03-2025
A00382,C0382,430052.09,Inactive,19-09-2025
A00383,C0383,18468.95,Active,05-02-2025
A00384,C0384,393899.3,Active,26-06-2025
A00385,C0385,206258.39,Active,25-07-2025
A00386,C0386,436987.74,Inactive,28-12-2024
A00387,C0387,319339.18,Active,28-03-2025
A00388,C0388,416987.92,Active,27-01-2025
A00389,C0389,250216.45,Active,17-03-2025
A00390,C0390,267977.73,Active,25-01-2025
A00391,C0391,73049.43,Active,08-06-2025
A00392,C0392,392209.69,Active,10-10-2024
A00393,C0393,210275.42,Inactive,18-11-2024
A00394,C0394,250539.98,Active,14-12-2024
A00395,C0395,392763.76,Inactive,03-01-2025
A00396,C0396,299823.85,Active,20-10-2024
A00397,C0397,101348.26,Active,12-05-2025
A00398,C0398,295526.1,Active,25-05-2025
A00399,C0399,204408.8,Active,18-06-2025
A00400,C0400,235293.25,Inactive,17-10-2024
A00401,C0401,15127.33,Active,29-07-2025
A00402,C0402,105804.65,Active,17-10-2024
A00403,C0403,141238,Active,16-09-2025
A00404,C0404,356767.04,Active,03-05-2025
A00405,C0405,6734.74,Active,05-09-2025
A00406,C0406,204979.85,Active,25-11-2024
A00407,C0407,462089.41,Inactive,05-07-2025
A00408,C0408,56828.43,Active,16-07-2025
A00409,C0409,258695.77,Active,28-12-2024
A00410,C0410,393474.67,Active,15-08-2025
A00411,C0411,471323.12,Inactive,21-06-2025
A00412,C0412,373641.54,Active,19-06-2025
A00413,C0413,360562.21,Active,02-11-2024
A00414,C0414,413417.56,Active,28-09-2024
A00415,C0415,223654.41,Active,01-06-2025
A00416,C0416,403116.42,Active,21-02-2025
A00417,C0417,4974.24,Inactive,22-01-2025
A00418,C0418,462355.97,Active,31-12-2024
A00419,C0419,222209.95,Active,30-04-2025
A00420,C0420,277136.71,Active,22-10-2024
A00421,C0421,128186.24,Active,16-07-2025
A00422,C0422,371522.89,Active,26-12-2024
A00423,C0423,39241.27,Active,01-04-2025
A00424,C0424,436445.27,Active,06-10-2024
A00425,C0425,414230.3,Active,29-09-2024
A00426,C0426,108814,Active,04-05-2025
A00427,C0427,404852.87,Active,10-11-2024
A00428,C0428,393392.51,Inactive,22-09-2025
A00429,C0429,316476.08,Active,26-09-2024
A00430,C0430,187386.57,Active,01-11-2024
A00431,C0431,136477.88,Active,07-03-2025
A00432,C0432,116660.01,Active,26-10-2024
A00433,C0433,159985.87,Active,22-04-2025
A00434,C0434,451875.66,Active,05-01-2025
A00435,C0435,39742.75,Active,23-07-2025
A00436,C0436,414606.77,Active,15-03-2025
A00437,C0437,175096.15,Active,22-06-2025
A00438,C0438,261278.1,Active,25-03-2025
A00439,C0439,397448.33,Active,16-02-2025
A00440,C0440,442303.9,Active,16-11-2024
A00441,C0441,173045.93,Active,25-12-2024
A00442,C0442,231459.9,Active,24-08-2025
A00443,C0443,207843.52,Active,17-06-2025
A00444,C0444,7612.27,Active,02-11-2024
A00445,C0445,148675.5,Active,23-01-2025
A00446,C0446,230135.43,Inactive,26-01-2025
A00447,C0447,206135.71,Active,20-03-2025
A00448,C0448,361242.68,Active,27-10-2024
A00449,C0449,193017,Active,23-08-2025
A00450,C0450,245198.85,Active,09-04-2025
A00451,C0451,215374.69,Inactive,04-09-2025
A00452,C0452,370572.45,Active,11-05-2025
A00453,C0453,431623.23,Active,15-09-2025
A00454,C0454,266412.65,Active,13-10-2024
A00455,C0455,394926.66,Active,20-11-2024
A00456,C0456,149096.55,Active,21-09-2025
A00457,C0457,271143.44,Active,02-03-2025
A00458,C0458,173269.75,Inactive,16-01-2025
A00459,C0459,207686.26,Active,31-12-2024
A00460,C0460,366474.52,Active,25-08-2025
A00461,C0461,440949.58,Inactive,16-09-2025
A00462,C0462,61626.2,Active,19-09-2025
A00463,C0463,317684.99,Inactive,19-09-2025
A00464,C0464,291489.76,Inactive,30-01-2025
A00465,C0465,60089.1,Active,12-10-2024
A00466,C0466,106735.27,Active,21-02-2025
A00467,C0467,156190.24,Active,29-11-2024
A00468,C0468,84298.6,Inactive,26-12-2024
A00469,C0469,122621.01,Active,18-11-2024
A00470,C0470,134532.8,Active,19-07-2025
A00471,C0471,168501.24,Inactive,25-02-2025
A00472,C0472,374945.84,Inactive,15-01-2025
A00473,C0473,286384.19,Active,30-07-2025
A00474,C0474,493137.09,Active,07-04-2025
A00475,C0475,207953.18,Inactive,16-01-2025
A00476,C0476,377178.67,Active,06-02-2025
A00477,C0477,435862.74,Inactive,21-10-2024
A00478,C0478,339810.27,Active,02-02-2025
A00479,C0479,206520.51,Active,04-07-2025
A00480,C0480,377043.72,Active,16-12-2024
A00481,C0481,102629.9,Active,06-11-2024
A00482,C0482,164448.53,Active,13-11-2024
A00483,C0483,273795.94,Active,19-07-2025
A00484,C0484,288129.28,Active,27-07-2025
A00485,C0485,12048.6,Active,21-05-2025
A00486,C0486,472611.98,Active,14-01-2025
A00487,C0487,348617.01,Active,03-04-2025
A00488,C0488,248356.17,Active,07-03-2025
A00489,C0489,466630.49,Active,11-04-2025
A00490,C0490,220108.69,Active,03-09-2025
A00491,C0491,490237.35,Active,15-08-2025
A00492,C0492,256630.09,Active,19-05-2025
A00493,C0493,58028.6,Active,18-11-2024
A00494,C0494,382635.69,Inactive,20-04-2025
A00495,C0495,339769.96,Inactive,13-09-2025
A00496,C0496,386720.37,Active,11-03-2025
A00497,C0497,475769.57,Inactive,15-04-2025
A00498,C0498,388468.16,Active,05-04-2025
A00499,C0499,306056.96,Active,17-07-2025
A00500,C0500,428797.14,Active,16-06-2025
A00501,C0501,336949.97,Active,13-05-2025
A00502,C0502,204651.41,Active,19-07-2025
A00503,C0503,442924.26,Active,13-08-2025
A00504,C0504,111728.33,Active,24-03-2025
A00505,C0505,357606,Active,02-04-2025
A00506,C0506,440900.16,Active,07-11-2024
A00507,C0507,365926.94,Active,20-09-2025
A00508,C0508,348940.43,Active,04-07-2025
A00509,C0509,376566.51,Active,30-11-2024
A00510,C0510,233062.57,Active,08-08-2025
A00511,C0511,437211.17,Active,12-01-2025
A00512,C0512,102514.8,Inactive,04-11-2024
A00513,C0513,64565.82,Active,30-10-2024
A00514,C0514,143468.88,Active,25-01-2025
A00515,C0515,266257.12,Active,11-10-2024
A00516,C0516,255770.34,Active,26-09-2024
A00517,C0517,410478.78,Active,16-10-2024
A00518,C0518,202879.76,Active,21-05-2025
A00519,C0519,242687.87,Active,18-01-2025
A00520,C0520,7670.47,Active,26-09-2024
A00521,C0521,205459.88,Active,27-03-2025
A00522,C0522,324239.34,Active,25-07-2025
A00523,C0523,8738.66,Active,31-08-2025
A00524,C0524,141160.1,Active,25-05-2025
A00525,C0525,104770.22,Active,05-01-2025
A00526,C0526,21950.73,Active,06-08-2025
A00527,C0527,240150.78,Active,09-04-2025
A00528,C0528,91679.92,Active,18-11-2024
A00529,C0529,371797.69,Active,24-11-2024
A00530,C0530,424116.01,Active,07-01-2025
A00531,C0531,273247.01,Inactive,10-03-2025
A00532,C0532,490871.96,Active,27-11-2024
A00533,C0533,225788.81,Inactive,10-09-2025
A00534,C0534,257170.74,Active,23-07-2025
A00535,C0535,494619.66,Active,23-06-2025
A00536,C0536,116542.67,Active,09-02-2025
A00537,C0537,471330.42,Active,12-10-2024
A00538,C0538,22375.94,Active,05-11-2024
A00539,C0539,223747.06,Active,05-08-2025
A00540,C0540,35931.75,Active,03-03-2025
A00541,C0541,364888.14,Active,21-09-2025
A00542,C0542,304596.06,Active,30-12-2024
A00543,C0543,353610.5,Inactive,08-04-2025
A00544,C0544,187865.72,Active,09-07-2025
A00545,C0545,185371.49,Active,03-07-2025
A00546,C0546,23614.32,Active,26-11-2024
A00547,C0547,175622.52,Active,12-06-2025
A00548,C0548,464714.91,Active,08-03-2025
A00549,C0549,190234.04,Inactive,18-09-2025
A00550,C0550,415852.49,Active,31-03-2025
A00551,C0551,421320.43,Active,24-01-2025
A00552,C0552,187247.34,Active,05-05-2025
A00553,C0553,316362.35,Active,30-11-2024
A00554,C0554,48590.43,Active,17-03-2025
A00555,C0555,52735.61,Active,04-04-2025
A00556,C0556,25280.17,Inactive,16-06-2025
A00557,C0557,290926.53,Active,01-05-2025
A00558,C0558,213609.42,Inactive,20-05-2025
A00559,C0559,274468.15,Active,28-10-2024
A00560,C0560,261015.52,Active,26-11-2024
A00561,C0561,175751.29,Active,11-01-2025
A00562,C0562,339059.23,Active,24-11-2024
A00563,C0563,379492.44,Inactive,28-07-2025
A00564,C0564,8299.5,Active,01-01-2025
A00565,C0565,104413.91,Active,27-09-2024
A00566,C0566,356904.7,Active,31-03-2025
A00567,C0567,193923.47,Active,29-01-2025
A00568,C0568,331579.49,Active,05-03-2025
A00569,C0569,174134.37,Active,26-02-2025
A00570,C0570,195986.82,Active,15-02-2025
A00571,C0571,80180.76,Active,03-07-2025
A00572,C0572,129857.28,Active,04-10-2024
A00573,C0573,303100.47,Active,03-05-2025
A00574,C0574,217148.39,Active,16-02-2025
A00575,C0575,387377.04,Inactive,24-08-2025
A00576,C0576,426439.89,Active,19-10-2024
A00577,C0577,271281.56,Active,19-06-2025
A00578,C0578,379375.38,Active,06-10-2024
A00579,C0579,154145.35,Active,14-10-2024
A00580,C0580,208070.64,Active,02-01-2025
A00581,C0581,356676.06,Active,10-09-2025
A00582,C0582,193719.78,Active,05-02-2025
A00583,C0583,294663.96,Active,05-01-2025
A00584,C0584,93501.02,Inactive,25-06-2025
A00585,C0585,300285.89,Active,03-04-2025
A00586,C0586,430895.34,Active,04-08-2025
A00587,C0587,434451.18,Active,19-06-2025
A00588,C0588,362447.86,Active,12-02-2025
A00589,C0589,373130.94,Inactive,30-09-2024
A00590,C0590,279405.8,Active,27-02-2025
A00591,C0591,292749.38,Active,21-09-2025
A00592,C0592,67691.64,Active,03-12-2024
A00593,C0593,222485.74,Active,13-07-2025
A00594,C0594,225937.37,Active,21-10-2024
A00595,C0595,479290.42,Active,17-10-2024
A00596,C0596,216112.34,Active,19-02-2025
A00597,C0597,275121.98,Active,23-10-2024
A00598,C0598,267092.45,Active,27-08-2025
A00599,C0599,318744.1,Active,11-01-2025
A00600,C0600,374368.18,Active,12-12-2024
A00601,C0601,113295.9,Active,03-06-2025
A00602,C0602,264833.49,Active,03-09-2025
A00603,C0603,413132.94,Active,08-08-2025
A00604,C0604,232094.24,Active,19-11-2024
A00605,C0605,139950.32,Active,11-01-2025
A00606,C0606,327699.83,Active,09-11-2024
A00607,C0607,412059.93,Active,08-11-2024
A00608,C0608,32507.01,Active,05-04-2025
A00609,C0609,388618.45,Inactive,06-08-2025
A00610,C0610,411002.32,Inactive,29-07-2025
A00611,C0611,231299.94,Inactive,04-10-2024
A00612,C0612,491669.52,Active,07-01-2025
A00613,C0613,393567.46,Active,30-01-2025
A00614,C0614,387057.62,Active,26-06-2025
A00615,C0615,374171.45,Active,19-11-2024
A00616,C0616,76153.44,Active,14-12-2024
A00617,C0617,109398.21,Active,07-05-2025
A00618,C0618,232531.08,Active,10-08-2025
A00619,C0619,132738.17,Inactive,08-07-2025
A00620,C0620,208205.25,Active,31-07-2025
A00621,C0621,444343.59,Active,15-07-2025
A00622,C0622,412339.12,Active,30-07-2025
A00623,C0623,315389.9,Inactive,26-12-2024
A00624,C0624,429202.08,Active,01-12-2024
A00625,C0625,392102.42,Active,19-06-2025
A00626,C0626,215063.48,Inactive,03-01-2025
A00627,C0627,101331.51,Active,13-11-2024
A00628,C0628,257586.32,Active,13-03-2025
A00629,C0629,368378.21,Active,09-09-2025
A00630,C0630,218773.38,Active,08-07-2025
A00631,C0631,333719.18,Active,01-02-2025
A00632,C0632,48069.39,Active,17-12-2024
A00633,C0633,374254.36,Inactive,12-02-2025
A00634,C0634,406544.1,Inactive,11-11-2024
A00635,C0635,353712.09,Active,16-04-2025
A00636,C0636,483664.53,Active,21-03-2025
A00637,C0637,413499.38,Active,18-06-2025
A00638,C0638,451643.77,Active,08-12-2024
A00639,C0639,466851.97,Active,18-04-2025
A00640,C0640,400872.65,Active,30-08-2025
A00641,C0641,337455.16,Active,10-02-2025
A00642,C0642,3853.57,Active,25-10-2024
A00643,C0643,233447.05,Inactive,20-08-2025
A00644,C0644,286009.99,Active,13-11-2024
A00645,C0645,152711.11,Active,14-07-2025
A00646,C0646,159734.12,Active,20-03-2025
A00647,C0647,480618.55,Active,06-02-2025
A00648,C0648,445963.72,Active,03-12-2024
A00649,C0649,424740.32,Active,05-07-2025
A00650,C0650,203599.89,Active,25-07-2025
A00651,C0651,7835.58,Active,26-07-2025
A00652,C0652,41030.9,Active,17-08-2025
A00653,C0653,156785.99,Active,09-11-2024
A00654,C0654,8855.71,Active,23-11-2024
A00655,C0655,9557.74,Inactive,03-03-2025
A00656,C0656,458385.05,Active,28-01-2025
A00657,C0657,353373.09,Inactive,31-07-2025
A00658,C0658,155169.04,Active,28-08-2025
A00659,C0659,67189.64,Inactive,16-02-2025
A00660,C0660,256306.22,Active,31-10-2024
A00661,C0661,3667.73,Active,03-06-2025
A00662,C0662,469268.46,Active,27-07-2025
A00663,C0663,207992.74,Active,07-07-2025
A00664,C0664,201765.14,Active,20-03-2025
A00665,C0665,195906.21,Active,07-05-2025
A00666,C0666,35594.84,Active,28-01-2025
A00667,C0667,319522.8,Active,18-05-2025
A00668,C0668,366768.81,Active,19-05-2025
A00669,C0669,338386.57,Active,31-03-2025
A00670,C0670,70079.31,Active,24-09-2024
A00671,C0671,289841.24,Active,29-10-2024
A00672,C0672,285172.76,Active,26-09-2024
A00673,C0673,434336.98,Active,21-07-2025
A00674,C0674,190184.7,Active,28-12-2024
A00675,C0675,186371.49,Active,06-02-2025
A00676,C0676,309645,Inactive,05-04-2025
A00677,C0677,316903.25,Active,09-05-2025
A00678,C0678,235173.33,Active,12-08-2025
A00679,C0679,222086.62,Active,31-03-2025
A00680,C0680,247579.69,Active,10-06-2025
A00681,C0681,430661.6,Active,03-11-2024
A00682,C0682,231122.28,Active,12-02-2025
A00683,C0683,470025.96,Active,06-05-2025
A00684,C0684,252497.88,Active,18-12-2024
A00685,C0685,474651.15,Active,25-11-2024
A00686,C0686,416583.12,Active,07-09-2025
A00687,C0687,181853.23,Active,31-03-2025
A00688,C0688,431957.07,Active,05-12-2024
A00689,C0689,55921.58,Active,13-04-2025
A00690,C0690,462598.54,Active,09-06-2025
A00691,C0691,316190.11,Inactive,02-11-2024
A00692,C0692,28140.98,Inactive,19-07-2025
A00693,C0693,322484.11,Active,30-03-2025
A00694,C0694,487149.58,Active,07-09-2025
A00695,C0695,35830.53,Active,21-01-2025
A00696,C0696,277789.17,Active,02-02-2025
A00697,C0697,374149.38,Active,12-05-2025
A00698,C0698,405319.03,Active,08-03-2025
A00699,C0699,207499.91,Active,15-07-2025
A00700,C0700,102879.11,Active,05-07-2025
A00701,C0701,22128.8,Inactive,19-03-2025
A00702,C0702,290283.35,Active,26-12-2024
A00703,C0703,227002.62,Active,11-01-2025
A00704,C0704,474423.45,Active,27-10-2024
A00705,C0705,31241.85,Active,27-10-2024
A00706,C0706,343012.28,Active,19-03-2025
A00707,C0707,13458.14,Active,01-12-2024
A00708,C0708,86545.65,Active,25-07-2025
A00709,C0709,227335.92,Active,25-07-2025
A00710,C0710,227981.35,Active,25-06-2025
A00711,C0711,343164.57,Active,23-03-2025
A00712,C0712,455196.3,Active,10-03-2025
A00713,C0713,319877.05,Inactive,01-01-2025
A00714,C0714,476814.01,Active,10-02-2025
A00715,C0715,440926.2,Active,18-11-2024
A00716,C0716,292665.4,Active,12-02-2025
A00717,C0717,417062.18,Active,11-10-2024
A00718,C0718,321646.23,Active,08-06-2025
A00719,C0719,40200.36,Active,30-04-2025
A00720,C0720,370541.8,Active,24-08-2025
A00721,C0721,48359.31,Active,22-02-2025
A00722,C0722,297447.31,Active,18-10-2024
A00723,C0723,351617.46,Active,28-05-2025
A00724,C0724,34197.28,Active,16-04-2025
A00725,C0725,116166.53,Active,10-05-2025
A00726,C0726,457920.44,Active,14-08-2025
A00727,C0727,308540.93,Active,08-11-2024
A00728,C0728,123896.72,Active,07-02-2025
A00729,C0729,345649.21,Active,07-01-2025
A00730,C0730,298791.43,Active,02-04-2025
A00731,C0731,251286.27,Active,19-05-2025
A00732,C0732,488117.3,Active,06-11-2024
A00733,C0733,342043.43,Active,28-04-2025
A00734,C0734,188345.11,Inactive,13-09-2025
A00735,C0735,400236.64,Active,17-05-2025
A00736,C0736,442407.06,Active,06-09-2025
A00737,C0737,63485.06,Active,15-06-2025
A00738,C0738,101075.94,Active,12-05-2025
A00739,C0739,108897.28,Active,29-06-2025
A00740,C0740,345914.69,Inactive,24-11-2024
A00741,C0741,301916.74,Active,13-07-2025
A00742,C0742,309876.79,Active,11-06-2025
A00743,C0743,470445.88,Active,17-08-2025
A00744,C0744,388179.85,Active,18-10-2024
A00745,C0745,64840.53,Active,22-10-2024
A00746,C0746,174406.03,Active,28-07-2025
A00747,C0747,218261.43,Active,05-03-2025
A00748,C0748,198584.83,Active,04-08-2025
A00749,C0749,334985,Active,22-10-2024
A00750,C0750,446054.66,Active,01-04-2025
A00751,C0751,153719.68,Active,21-06-2025
A00752,C0752,276386.69,Active,21-03-2025
A00753,C0753,394915.3,Active,19-06-2025
A00754,C0754,208692.81,Active,04-10-2024
A00755,C0755,84890.95,Active,05-01-2025
A00756,C0756,238000.53,Active,23-01-2025
A00757,C0757,28556.04,Active,13-07-2025
A00758,C0758,471249.34,Active,25-09-2024
A00759,C0759,38335.78,Active,11-11-2024
A00760,C0760,219789.9,Active,07-04-2025
A00761,C0761,265410.75,Active,04-05-2025
A00762,C0762,492666.61,Active,30-07-2025
A00763,C0763,83844.89,Active,11-02-2025
A00764,C0764,58101.33,Active,09-10-2024
A00765,C0765,5344.37,Active,02-10-2024
A00766,C0766,78630.15,Active,31-05-2025
A00767,C0767,104429.22,Active,16-02-2025
A00768,C0768,315659.89,Active,13-04-2025
A00769,C0769,110633.69,Active,06-11-2024
A00770,C0770,11239.89,Active,16-06-2025
A00771,C0771,413482.55,Active,19-08-2025
A00772,C0772,183432.25,Active,02-08-2025
A00773,C0773,177494.65,Active,30-08-2025
A00774,C0774,151937.04,Active,18-04-2025
A00775,C0775,487711.27,Active,28-02-2025
A00776,C0776,85887.59,Active,07-05-2025
A00777,C0777,449220.79,Active,12-08-2025
A00778,C0778,388624.86,Active,19-06-2025
A00779,C0779,39163.5,Active,24-02-2025
A00780,C0780,493377.82,Active,05-08-2025
A00781,C0781,136411.62,Active,31-08-2025
A00782,C0782,50192.88,Active,02-04-2025
A00783,C0783,414827.8,Inactive,27-09-2024
A00784,C0784,353631.09,Active,30-04-2025
A00785,C0785,308992.18,Active,17-07-2025
A00786,C0786,78834.45,Active,10-06-2025
A00787,C0787,239769.56,Active,02-05-2025
A00788,C0788,390497.46,Active,29-09-2024
A00789,C0789,152508.35,Active,31-01-2025
A00790,C0790,156533.22,Active,14-10-2024
A00791,C0791,2567.31,Active,13-08-2025
A00792,C0792,87947.46,Inactive,30-09-2024
A00793,C0793,437827.41,Active,11-10-2024
A00794,C0794,221431.5,Active,19-12-2024
A00795,C0795,492133.02,Active,10-11-2024
A00796,C0796,198458.27,Active,21-02-2025
A00797,C0797,357878.04,Active,31-10-2024
A00798,C0798,141677.6,Active,28-11-2024
A00799,C0799,182541.01,Active,17-10-2024
A00800,C0800,96172.27,Active,11-10-2024
A00801,C0801,174184.12,Active,02-02-2025
A00802,C0802,274071.52,Active,11-08-2025
A00803,C0803,495894.67,Inactive,17-10-2024
A00804,C0804,332436.65,Active,31-10-2024
A00805,C0805,100423.73,Active,27-01-2025
A00806,C0806,23435.76,Active,12-09-2025
A00807,C0807,64051.88,Active,26-10-2024
A00808,C0808,281715.05,Inactive,02-07-2025
A00809,C0809,382815,Active,14-12-2024
A00810,C0810,470269.18,Active,17-06-2025
A00811,C0811,8895.76,Active,01-04-2025
A00812,C0812,261857.31,Inactive,07-01-2025
A00813,C0813,235962.81,Active,29-07-2025
A00814,C0814,328371.46,Active,26-05-2025
A00815,C0815,280229.85,Active,08-01-2025
A00816,C0816,343832.54,Active,03-10-2024
A00817,C0817,329383.21,Active,07-04-2025
A00818,C0818,59388.85,Inactive,09-05-2025
A00819,C0819,400059.24,Active,18-01-2025
A00820,C0820,62493.06,Active,07-04-2025
A00821,C0821,349566.78,Active,04-03-2025
A00822,C0822,208656.54,Active,01-02-2025
A00823,C0823,257411.52,Active,29-03-2025
A00824,C0824,451745.71,Inactive,20-01-2025
A00825,C0825,445051.98,Active,02-09-2025
A00826,C0826,409110.3,Active,26-03-2025
A00827,C0827,255564.04,Active,27-09-2024
A00828,C0828,368383.67,Active,24-07-2025
A00829,C0829,256935.63,Active,20-02-2025
A00830,C0830,434933.44,Active,03-09-2025
A00831,C0831,201985.14,Active,03-11-2024
A00832,C0832,485147.44,Active,17-10-2024
A00833,C0833,466229.06,Active,27-10-2024
A00834,C0834,371059.71,Active,11-03-2025
A00835,C0835,140428.53,Active,07-04-2025
A00836,C0836,66695.14,Inactive,11-11-2024
A00837,C0837,427497.02,Active,04-03-2025
A00838,C0838,83485.84,Active,16-11-2024
A00839,C0839,427276.13,Active,30-03-2025
A00840,C0840,245891.74,Active,20-03-2025
A00841,C0841,203871.84,Active,19-07-2025
A00842,C0842,451692.2,Active,28-03-2025
A00843,C0843,302321.64,Active,26-07-2025
A00844,C0844,288730.39,Active,27-09-2024
A00845,C0845,279824.21,Active,23-07-2025
A00846,C0846,186213.59,Active,16-04-2025
A00847,C0847,393035.91,Inactive,20-03-2025
A00848,C0848,127146.42,Active,04-11-2024
A00849,C0849,469508.59,Active,29-06-2025
A00850,C0850,447098.62,Active,01-12-2024
A00851,C0851,169402.68,Active,07-05-2025
A00852,C0852,365002.42,Active,04-03-2025
A00853,C0853,287038.37,Active,11-03-2025
A00854,C0854,169487,Inactive,04-06-2025
A00855,C0855,494272.3,Inactive,19-07-2025
A00856,C0856,13593.44,Active,13-01-2025
A00857,C0857,127070.37,Active,04-09-2025
A00858,C0858,260516.96,Inactive,11-04-2025
A00859,C0859,261454.55,Active,24-03-2025
A00860,C0860,294877.6,Inactive,26-10-2024
A00861,C0861,376086.41,Active,02-02-2025
A00862,C0862,312115.44,Active,10-06-2025
A00863,C0863,300540.45,Active,10-06-2025
A00864,C0864,27703.72,Active,14-12-2024
A00865,C0865,188888.61,Active,15-05-2025
A00866,C0866,116795.81,Active,16-05-2025
A00867,C0867,133419.69,Active,18-12-2024
A00868,C0868,277614.4,Active,20-10-2024
A00869,C0869,100553.15,Active,05-05-2025
A00870,C0870,147680.6,Active,05-03-2025
A00871,C0871,119305.27,Active,10-01-2025
A00872,C0872,474302.97,Active,11-11-2024
A00873,C0873,472388.2,Active,07-04-2025
A00874,C0874,305360.84,Inactive,10-12-2024
A00875,C0875,462336.71,Inactive,04-01-2025
A00876,C0876,393120.51,Active,04-08-2025
A00877,C0877,295383.99,Active,14-08-2025
A00878,C0878,4211.17,Active,15-09-2025
A00879,C0879,386485.63,Inactive,05-09-2025
A00880,C0880,351541.68,Active,03-12-2024
A00881,C0881,308011.57,Active,08-11-2024
A00882,C0882,380451.73,Active,22-08-2025
A00883,C0883,256948.16,Active,15-03-2025
A00884,C0884,352337.55,Active,06-08-2025
A00885,C0885,467650.87,Active,13-04-2025
A00886,C0886,188526.7,Inactive,26-03-2025
A00887,C0887,354352.8,Inactive,28-06-2025
A00888,C0888,238368.22,Active,28-11-2024
A00889,C0889,337525.43,Active,03-02-2025
A00890,C0890,381683.77,Active,13-02-2025
A00891,C0891,23680.8,Active,20-06-2025
A00892,C0892,323653.62,Active,07-04-2025
A00893,C0893,114143.85,Active,14-08-2025
A00894,C0894,335346.24,Active,20-05-2025
A00895,C0895,234696.76,Active,12-09-2025
A00896,C0896,387002.82,Active,30-09-2024
A00897,C0897,62577.01,Active,12-04-2025
A00898,C0898,313534.85,Active,04-10-2024
A00899,C0899,139956.89,Inactive,26-03-2025
A00900,C0900,426638.02,Inactive,13-12-2024
A00901,C0901,464263.37,Inactive,04-01-2025
A00902,C0902,498202.75,Active,22-10-2024
A00903,C0903,398207.69,Active,04-03-2025
A00904,C0904,377113.3,Active,03-10-2024
A00905,C0905,108534.88,Inactive,06-08-2025
A00906,C0906,168667.52,Active,15-08-2025
A00907,C0907,233375.59,Active,12-06-2025
A00908,C0908,386917.14,Active,16-12-2024
A00909,C0909,457567.97,Active,29-08-2025
A00910,C0910,95380.41,Active,08-09-2025
A00911,C0911,461261.37,Active,17-11-2024
A00912,C0912,348116.7,Active,04-04-2025
A00913,C0913,305774.59,Active,13-03-2025
A00914,C0914,100720.79,Inactive,10-01-2025
A00915,C0915,28706.99,Active,13-07-2025
A00916,C0916,284663.98,Active,24-05-2025
A00917,C0917,326106.33,Active,16-04-2025
A00918,C0918,106179.94,Inactive,01-09-2025
A00919,C0919,278671.65,Active,11-01-2025
A00920,C0920,428390.21,Inactive,14-10-2024
A00921,C0921,417697.91,Active,10-01-2025
A00922,C0922,463750.24,Inactive,19-03-2025
A00923,C0923,183577.02,Inactive,11-12-2024
A00924,C0924,159706.74,Active,12-10-2024
A00925,C0925,374963.58,Active,13-04-2025
A00926,C0926,216125.09,Active,08-11-2024
A00927,C0927,44686.78,Active,30-09-2024
A00928,C0928,142117.76,Active,29-10-2024
A00929,C0929,209872.56,Active,07-09-2025
A00930,C0930,146965.7,Active,09-02-2025
A00931,C0931,166770.58,Active,02-09-2025
A00932,C0932,147594.18,Active,24-11-2024
A00933,C0933,21708.08,Active,30-12-2024
A00934,C0934,318910.26,Active,15-10-2024
A00935,C0935,299048.92,Active,06-12-2024
A00936,C0936,327038.37,Active,03-12-2024
A00937,C0937,96962.64,Active,13-12-2024
A00938,C0938,148531.62,Inactive,23-02-2025
A00939,C0939,310188.35,Active,25-09-2024
A00940,C0940,300214.16,Active,13-05-2025
A00941,C0941,253658.82,Active,08-03-2025
A00942,C0942,175856.21,Active,05-03-2025
A00943,C0943,456552.57,Inactive,17-09-2025
A00944,C0944,170545.35,Inactive,20-08-2025
A00945,C0945,228353.96,Active,19-09-2025
A00946,C0946,339378.8,Active,17-10-2024
A00947,C0947,271967.69,Active,13-11-2024
A00948,C0948,174096.1,Active,14-09-2025
A00949,C0949,218386.75,Inactive,19-03-2025
A00950,C0950,397445.93,Active,11-09-2025
A00951,C0951,139786.45,Active,03-09-2025
A00952,C0952,71985.36,Active,03-03-2025
A00953,C0953,157268.44,Active,17-08-2025
A00954,C0954,424917.57,Active,18-03-2025
A00955,C0955,45405.87,Active,24-10-2024
A00956,C0956,495856.34,Active,04-01-2025
A00957,C0957,270960.45,Active,26-04-2025
A00958,C0958,492438.03,Active,22-01-2025
A00959,C0959,469559.21,Inactive,01-02-2025
A00960,C0960,226954.04,Active,18-03-2025
A00961,C0961,100047.05,Active,03-03-2025
A00962,C0962,83277.5,Active,24-04-2025
A00963,C0963,120754.69,Active,13-06-2025
A00964,C0964,355356.19,Active,04-11-2024
A00965,C0965,137202.05,Active,25-12-2024
A00966,C0966,171371.21,Active,02-05-2025
A00967,C0967,224940.62,Inactive,08-08-2025
A00968,C0968,456703.11,Active,21-01-2025
A00969,C0969,95507.32,Active,19-01-2025
A00970,C0970,3508.25,Active,26-09-2024
A00971,C0971,30988.11,Active,19-03-2025
A00972,C0972,452478.4,Active,15-05-2025
A00973,C0973,324110.72,Active,15-07-2025
A00974,C0974,137247.27,Active,05-12-2024
A00975,C0975,89419.06,Active,19-04-2025
A00976,C0976,147839.1,Active,31-01-2025
A00977,C0977,58283.67,Active,22-09-2025
A00978,C0978,470824.92,Inactive,26-11-2024
A00979,C0979,392318.88,Active,12-12-2024
A00980,C0980,231733.2,Active,18-05-2025
A00981,C0981,432616.34,Active,24-05-2025
A00982,C0982,125479.64,Active,22-09-2024
A00983,C0983,358843.16,Active,11-05-2025
A00984,C0984,428210.12,Active,27-03-2025
A00985,C0985,179027.59,Active,22-08-2025
A00986,C0986,378974.76,Active,17-07-2025
A00987,C0987,148241.1,Active,14-11-2024
A00988,C0988,150129.71,Active,26-05-2025
A00989,C0989,54421.53,Inactive,28-12-2024
A00990,C0990,220588.97,Active,15-06-2025
A00991,C0991,365126.24,Active,22-03-2025
A00992,C0992,470170.18,Active,23-06-2025
A00993,C0993,302294.7,Active,20-03-2025
A00994,C0994,431704.63,Active,27-08-2025
A00995,C0995,411424.83,Active,10-01-2025
A00996,C0996,87498.18,Active,29-04-2025
A00997,C0997,243422.9,Active,25-01-2025
A00998,C0998,59344.84,Active,14-08-2025
A00999,C0999,341394.43,Active,06-07-2025
A01000,C1000,474999.93,Inactive,06-07-2025
