wallet_id,customer_id,wallet_provider,txn_date,amount_spent,cashback
W00001,C0838,PhonePe,01-04-2025,12159.68,75.27
W00002,C0848,Google Pay,18-01-2025,11449.22,230.13
W00003,C0349,PhonePe,01-06-2025,1166.17,57.05
W00004,C0484,Paytm,28-04-2025,2895.93,128.32
W00005,C0550,Google Pay,19-01-2025,12488.73,247.55
W00006,C0357,Paytm,10-08-2025,4235.69,133.22
W00007,C0752,Paytm,16-05-2025,10130.99,436.93
W00008,C0318,Google Pay,14-02-2025,10943.15,272.02
W00009,C0633,Amazon Pay,25-06-2025,5741.79,33.35
W00010,C0048,Amazon Pay,06-08-2025,18973.66,158.49
W00011,C0010,Paytm,31-12-2024,16865.04,471.68
W00012,C0233,Amazon Pay,09-09-2025,14475.23,703.85
W00013,C0036,PhonePe,27-12-2024,1652.08,59.8
W00014,C0413,Google Pay,22-06-2025,2211.99,18.12
W00015,C0462,Paytm,28-10-2024,9906.35,133.95
W00016,C0004,PhonePe,17-06-2025,3298.2,130.97
W00017,C0044,Amazon Pay,27-09-2024,19567.48,838.76
W00018,C0568,PhonePe,21-01-2025,3254.55,106.74
W00019,C0554,Amazon Pay,06-08-2025,9800.61,333.21
W00020,C0255,Paytm,18-08-2025,7346.01,46.1
W00021,C0740,PhonePe,13-01-2025,12823.79,542.24
W00022,C0114,Google Pay,16-11-2024,2667.82,107.97
W00023,C0749,Paytm,25-04-2025,8663.3,144.3
W00024,C0397,PhonePe,28-03-2025,5566.63,205.36
W00025,C0174,PhonePe,01-04-2025,17766.26,260.6
W00026,C0255,Amazon Pay,03-12-2024,907.66,6.19
W00027,C0466,Paytm,05-10-2024,18283.18,256.9
W00028,C0929,Paytm,22-01-2025,16676.58,217.43
W00029,C0277,Paytm,17-04-2025,6021.66,121.63
W00030,C0464,Paytm,05-05-2025,15806.88,376.68
W00031,C0847,Amazon Pay,20-05-2025,721.15,20.11
W00032,C0502,Google Pay,22-10-2024,19340.62,511.64
W00033,C0441,Paytm,15-12-2024,10579.24,181.76
W00034,C0069,Amazon Pay,20-06-2025,6135.29,38.73
W00035,C0509,Google Pay,18-03-2025,7315.41,235.77
W00036,C0326,Google Pay,08-07-2025,1421.47,32.42
W00037,C0742,Amazon Pay,28-01-2025,19788.06,364.9
W00038,C0067,Paytm,30-03-2025,881.91,38.81
W00039,C0304,Google Pay,12-01-2025,13132.65,506.97
W00040,C0972,Paytm,01-03-2025,8910.44,388.49
W00041,C0484,Paytm,27-05-2025,18983.43,517.76
W00042,C0929,PhonePe,07-01-2025,4995.39,54.41
W00043,C0548,Paytm,10-12-2024,10688.53,388.31
W00044,C0417,PhonePe,15-06-2025,9698.89,138.44
W00045,C0159,Google Pay,18-11-2024,14087.04,350.14
W00046,C0149,Amazon Pay,03-12-2024,1453.4,11.52
W00047,C0027,PhonePe,25-09-2024,3956.4,166.72
W00048,C0987,Amazon Pay,21-10-2024,4369.84,46.61
W00049,C0584,Google Pay,05-02-2025,14789.2,674.97
W00050,C0248,Paytm,09-09-2025,3863.86,169.59
W00051,C0101,Google Pay,07-01-2025,11512.49,298.25
W00052,C0702,Amazon Pay,14-02-2025,4383.35,168.74
W00053,C0096,Google Pay,10-12-2024,17246.34,566.97
W00054,C0384,Paytm,14-07-2025,18849.49,775.44
W00055,C0282,Google Pay,18-09-2025,10418.01,254.52
W00056,C0322,Paytm,11-03-2025,7110.95,287.01
W00057,C0396,PhonePe,28-08-2025,4757.75,122.8
W00058,C0278,Amazon Pay,15-05-2025,1090.64,51.63
W00059,C0529,Paytm,17-12-2024,5443.15,146.35
W00060,C0263,Paytm,23-10-2024,13119.29,338.71
W00061,C0619,Google Pay,11-12-2024,10718.98,432.28
W00062,C0580,PhonePe,30-10-2024,18886.42,792.68
W00063,C0640,Paytm,11-01-2025,7985.92,239.19
W00064,C0293,PhonePe,10-10-2024,13907.88,182.07
W00065,C0294,PhonePe,26-03-2025,9837.52,256.26
W00066,C0608,Google Pay,03-07-2025,10300.27,500.21
W00067,C0395,Paytm,15-07-2025,5428.71,211.09
W00068,C0513,Google Pay,22-03-2025,9153.52,379.89
W00069,C0921,Amazon Pay,28-11-2024,9468.62,61.33
W00070,C0810,Amazon Pay,20-02-2025,14162.19,368.98
W00071,C0180,Paytm,19-04-2025,18818.74,641.68
W00072,C0920,PhonePe,10-11-2024,6653.49,281.79
W00073,C0693,Paytm,15-06-2025,939.79,6.78
W00074,C0235,Paytm,23-02-2025,9976.27,432.57
W00075,C0952,Amazon Pay,30-04-2025,10934.78,324.52
W00076,C0831,Amazon Pay,21-12-2024,3451.97,47.91
W00077,C0337,PhonePe,05-08-2025,15233.25,293.64
W00078,C0008,PhonePe,02-01-2025,19700.09,348.43
W00079,C0443,Paytm,08-09-2025,18920.92,546.6
W00080,C0941,Google Pay,05-06-2025,4022.41,29.47
W00081,C0539,Paytm,27-07-2025,17519.73,212.59
W00082,C0820,PhonePe,17-03-2025,14119.42,586.96
W00083,C0658,Google Pay,21-06-2025,9131.55,100.15
W00084,C0091,Amazon Pay,20-08-2025,10858.16,168.33
W00085,C0854,PhonePe,28-04-2025,17007.04,432.01
W00086,C0272,PhonePe,08-11-2024,9654.69,272.94
W00087,C0834,Google Pay,27-07-2025,7526.83,296.27
W00088,C0005,PhonePe,17-07-2025,9915.63,249.18
W00089,C0594,PhonePe,22-01-2025,11624.68,471.31
W00090,C0899,PhonePe,30-05-2025,3862.65,126.79
W00091,C0219,PhonePe,14-06-2025,18028.06,181.89
W00092,C0118,PhonePe,16-08-2025,13516.32,162.67
W00093,C0593,PhonePe,09-12-2024,12702.05,313.32
W00094,C0976,PhonePe,07-01-2025,2079.97,47.55
W00095,C0582,PhonePe,28-05-2025,12123.06,466.25
W00096,C0115,Amazon Pay,23-02-2025,2507.12,78.05
W00097,C0263,PhonePe,20-05-2025,1666.08,37.43
W00098,C0306,Amazon Pay,20-01-2025,10593.49,134.37
W00099,C0654,Amazon Pay,10-11-2024,8115.43,123.42
W00100,C0422,Paytm,14-12-2024,11817.32,365.13
W00101,C1000,Paytm,21-10-2024,1875.52,45.12
W00102,C0207,Amazon Pay,26-01-2025,8676.56,244.43
W00103,C0623,Amazon Pay,13-11-2024,3578.26,45.37
W00104,C0303,PhonePe,13-10-2024,19743.29,687.67
W00105,C0112,Paytm,28-04-2025,11266.89,488.58
W00106,C0417,Google Pay,20-02-2025,13779.99,228.85
W00107,C0555,Paytm,03-08-2025,6575.82,178.32
W00108,C0859,Amazon Pay,05-05-2025,1985.3,97.08
W00109,C0285,Amazon Pay,11-05-2025,19519.83,390.32
W00110,C0640,PhonePe,21-10-2024,5796.55,184.2
W00111,C0185,PhonePe,04-05-2025,8533.78,77.31
W00112,C0741,Paytm,17-08-2025,13032.29,420.56
W00113,C0901,PhonePe,15-08-2025,591.48,5.34
W00114,C0221,Google Pay,27-07-2025,16224.16,781.45
W00115,C0864,Google Pay,26-06-2025,10777.91,400.99
W00116,C0444,PhonePe,29-11-2024,5636.52,228.09
W00117,C0117,Google Pay,14-04-2025,1326,48.64
W00118,C0070,Google Pay,14-12-2024,3333.72,105.14
W00119,C0898,Paytm,26-08-2025,17911.17,452.19
W00120,C0070,Google Pay,09-09-2025,13751.88,599.95
W00121,C0622,Amazon Pay,13-02-2025,5073.04,243.8
W00122,C0427,Amazon Pay,11-02-2025,1405.46,38.59
W00123,C0644,Paytm,12-02-2025,13843.24,649.51
W00124,C0568,PhonePe,15-06-2025,11490.91,359.09
W00125,C0989,Paytm,04-09-2025,8149.94,238.2
W00126,C0443,PhonePe,07-07-2025,7335.87,186.71
W00127,C0601,PhonePe,14-09-2025,4414.6,63.65
W00128,C0137,PhonePe,10-05-2025,13425.26,69.37
W00129,C0504,PhonePe,11-10-2024,19416.29,308.09
W00130,C0131,PhonePe,06-12-2024,3596.73,100.48
W00131,C0218,Paytm,01-01-2025,11982.62,264.79
W00132,C0688,PhonePe,04-12-2024,8541.28,215.09
W00133,C0171,Google Pay,03-04-2025,8989.11,441.63
W00134,C0475,Google Pay,14-01-2025,5157.53,107.08
W00135,C0612,PhonePe,03-06-2025,16520.18,418.76
W00136,C0992,Google Pay,06-05-2025,9756.59,107.4
W00137,C0129,Amazon Pay,07-02-2025,10913.78,78.12
W00138,C0057,Paytm,22-12-2024,6164.74,245.93
W00139,C0181,Paytm,06-09-2025,3717.99,114.07
W00140,C0246,PhonePe,12-03-2025,1809.62,70.99
W00141,C0144,PhonePe,21-03-2025,14310.97,168.07
W00142,C0051,Amazon Pay,05-10-2024,4005.06,123.08
W00143,C0368,PhonePe,03-10-2024,13832.5,227.05
W00144,C0459,Google Pay,19-09-2025,7868.49,120.1
W00145,C0218,Amazon Pay,29-06-2025,8373.92,46.21
W00146,C0616,Google Pay,14-04-2025,9436.63,102.53
W00147,C0895,Paytm,07-08-2025,7417.4,140.32
W00148,C0567,Google Pay,02-08-2025,2102.34,21.57
W00149,C0257,Paytm,28-04-2025,6261.67,309.1
W00150,C0858,Google Pay,11-11-2024,13308.31,251.37
W00151,C0156,Paytm,17-05-2025,13349.11,145.03
W00152,C0565,PhonePe,13-05-2025,5795.86,80.9
W00153,C0442,Google Pay,13-03-2025,9256.04,291.07
W00154,C0841,Paytm,24-01-2025,3949.6,31.13
W00155,C0956,Google Pay,10-01-2025,4286.4,187.79
W00156,C0699,Amazon Pay,31-01-2025,558.64,26.96
W00157,C0876,PhonePe,22-05-2025,17945.26,288.98
W00158,C0662,Paytm,09-03-2025,4293.06,108.42
W00159,C0776,Amazon Pay,22-12-2024,4627.92,27.75
W00160,C0762,Google Pay,21-07-2025,5664.07,191.63
W00161,C0945,Amazon Pay,20-07-2025,2635.42,62.27
W00162,C0810,Google Pay,16-06-2025,12821.33,219.92
W00163,C0923,PhonePe,15-02-2025,1595.34,22.83
W00164,C0935,Amazon Pay,22-09-2025,2770.63,95.4
W00165,C0723,PhonePe,04-01-2025,12930.66,306.84
W00166,C0025,Paytm,21-01-2025,6859.25,89.75
W00167,C0806,Google Pay,11-03-2025,14188.16,510.91
W00168,C0853,Google Pay,16-07-2025,11192.75,340.58
W00169,C0664,PhonePe,01-04-2025,5194.82,226.7
W00170,C0536,PhonePe,04-07-2025,13051.48,134.25
W00171,C0764,Paytm,26-02-2025,2413.85,97.41
W00172,C0060,Amazon Pay,19-02-2025,10774.57,380.43
W00173,C0467,Google Pay,29-10-2024,8799.25,89.54
W00174,C0434,Google Pay,12-05-2025,5430.68,196.95
W00175,C0879,Paytm,17-06-2025,12119.7,301.41
W00176,C0066,Paytm,25-11-2024,17439.54,828.8
W00177,C0910,PhonePe,11-09-2025,19978.2,227.2
W00178,C0565,PhonePe,25-03-2025,12194.48,413.73
W00179,C0928,Amazon Pay,20-06-2025,8153.65,180.92
W00180,C0106,Paytm,24-10-2024,4581.62,220.18
W00181,C0096,Amazon Pay,14-01-2025,5216.21,103.54
W00182,C0988,Paytm,03-01-2025,9641.15,465.65
W00183,C0688,Google Pay,03-12-2024,7408.83,337.6
W00184,C0551,Paytm,24-11-2024,18284.91,313.9
W00185,C0168,Paytm,13-03-2025,7429.08,305.78
W00186,C0042,Google Pay,06-02-2025,7531.55,375.09
W00187,C0879,Paytm,16-05-2025,7732.34,126.58
W00188,C0104,Amazon Pay,10-09-2025,16748.74,412.94
W00189,C0845,PhonePe,22-06-2025,13050.69,370.75
W00190,C0204,PhonePe,08-07-2025,12321.96,225.15
W00191,C0520,Amazon Pay,06-09-2025,6749.45,38.38
W00192,C0975,Google Pay,13-06-2025,16376.29,244.1
W00193,C0282,Paytm,19-10-2024,863.44,15.27
W00194,C0908,Amazon Pay,31-10-2024,17428.86,435.06
W00195,C0043,PhonePe,08-02-2025,10303.72,130.85
W00196,C0947,PhonePe,17-09-2025,8025.18,355.49
W00197,C0110,Amazon Pay,21-12-2024,9993.63,366.98
W00198,C0987,PhonePe,25-11-2024,13381.57,118.21
W00199,C0210,Amazon Pay,16-02-2025,354.03,12.13
W00200,C0749,PhonePe,06-03-2025,17443.88,600.32
W00201,C0868,Amazon Pay,05-07-2025,8990.12,431.8
W00202,C0831,Paytm,28-08-2025,6925.03,35.57
W00203,C0049,Paytm,23-01-2025,2851.09,46.06
W00204,C0115,Paytm,29-09-2024,8845.36,413.53
W00205,C0155,Paytm,10-06-2025,9976.82,468.37
W00206,C0649,PhonePe,28-09-2024,8132.57,304.37
W00207,C0503,Google Pay,23-05-2025,13605.34,536.86
W00208,C0679,Amazon Pay,11-08-2025,8475.84,77.27
W00209,C0833,Google Pay,09-01-2025,19232.21,540.89
W00210,C0711,PhonePe,09-04-2025,12025.62,185.45
W00211,C0986,PhonePe,29-09-2024,16168.81,212.7
W00212,C0071,Google Pay,27-03-2025,2276.18,94.38
W00213,C0519,Google Pay,20-11-2024,8006.1,88.68
W00214,C0712,PhonePe,24-01-2025,6803.27,177.49
W00215,C0336,PhonePe,15-02-2025,11432.7,540.04
W00216,C0067,Amazon Pay,28-09-2024,17236.16,230.32
W00217,C0493,Paytm,20-12-2024,1658.93,81.3
W00218,C0650,Paytm,01-11-2024,1544.24,76.82
W00219,C0754,Amazon Pay,25-11-2024,17021.32,510.69
W00220,C0967,Google Pay,24-11-2024,4335.72,54.87
W00221,C0213,PhonePe,22-05-2025,13408.19,257.77
W00222,C0181,Google Pay,25-04-2025,10903.27,262.79
W00223,C0766,Paytm,17-12-2024,16674.58,315.48
W00224,C0613,Paytm,06-01-2025,2589.27,45.65
W00225,C0863,Google Pay,26-01-2025,2682.68,130.78
W00226,C0599,Paytm,03-01-2025,11180.69,133.07
W00227,C0697,PhonePe,17-06-2025,18932.94,719.45
W00228,C0603,Amazon Pay,12-04-2025,8358.46,41.95
W00229,C0248,Google Pay,14-04-2025,6606.15,210.26
W00230,C0214,PhonePe,20-12-2024,12173.12,562.61
W00231,C0359,PhonePe,07-11-2024,18615.93,334.29
W00232,C0249,Paytm,09-08-2025,16754.86,223.66
W00233,C0638,PhonePe,15-02-2025,19910.12,683.43
W00234,C0923,Google Pay,26-06-2025,549.11,20.35
W00235,C0950,PhonePe,14-12-2024,2345.88,84.36
W00236,C0881,Amazon Pay,29-11-2024,12228.41,236.86
W00237,C0516,PhonePe,21-10-2024,16429.47,268.61
W00238,C0088,PhonePe,19-08-2025,5776.36,277.36
W00239,C0663,Amazon Pay,16-12-2024,4860.3,226.24
W00240,C0176,PhonePe,11-04-2025,15760.82,403.15
W00241,C0723,PhonePe,27-10-2024,1222,52.64
W00242,C0426,Paytm,25-02-2025,7450.71,188.91
W00243,C0771,Google Pay,27-01-2025,10165.6,244.97
W00244,C0603,Paytm,29-08-2025,11250.94,135.62
W00245,C0771,Google Pay,03-05-2025,14599.44,353.14
W00246,C0924,Amazon Pay,26-07-2025,7161.43,209
W00247,C0703,Amazon Pay,04-02-2025,12292.42,73.91
W00248,C0081,Amazon Pay,03-01-2025,11748.97,293.55
W00249,C0927,Google Pay,28-11-2024,10997.56,441.67
W00250,C0138,Google Pay,17-01-2025,12845.62,457.33
W00251,C0433,Google Pay,11-02-2025,5263.04,176.74
W00252,C0470,Amazon Pay,10-06-2025,1784.51,81.96
W00253,C0350,Google Pay,29-05-2025,2473.51,14.37
W00254,C0126,PhonePe,15-02-2025,4569.19,137.38
W00255,C0881,Paytm,17-04-2025,10053.94,406.49
W00256,C0917,Amazon Pay,12-05-2025,16824.81,493.98
W00257,C0868,Paytm,04-05-2025,14055.74,275.15
W00258,C0309,PhonePe,12-01-2025,15801.91,175.9
W00259,C0855,Google Pay,05-07-2025,7084.41,318.38
W00260,C0230,Paytm,27-08-2025,8152.61,213.47
W00261,C0460,PhonePe,05-06-2025,7934.27,353.2
W00262,C0345,PhonePe,15-08-2025,3918.28,122.89
W00263,C0310,Paytm,21-03-2025,1318.21,46.58
W00264,C0953,Amazon Pay,06-03-2025,11859.23,488.5
W00265,C0020,Paytm,09-10-2024,19785.41,685.8
W00266,C0881,Amazon Pay,20-12-2024,3419.91,78.36
W00267,C0561,Google Pay,01-06-2025,1029.03,28.93
W00268,C0647,Amazon Pay,19-04-2025,15612.68,642.26
W00269,C0541,Google Pay,12-09-2025,5126.46,111.83
W00270,C0560,Paytm,29-12-2024,16609.91,373.15
W00271,C0477,Google Pay,17-10-2024,14108.34,131.29
W00272,C0269,PhonePe,26-10-2024,18918.9,873.23
W00273,C0003,Google Pay,22-08-2025,8237.65,74.93
W00274,C0770,Amazon Pay,23-10-2024,13273.2,453.54
W00275,C0016,Amazon Pay,25-08-2025,9350.61,220.62
W00276,C0606,Amazon Pay,21-09-2025,12648.72,294.12
W00277,C0358,Google Pay,24-10-2024,9047.02,321.89
W00278,C0646,Amazon Pay,01-04-2025,3853.78,30.9
W00279,C0813,Amazon Pay,18-09-2025,10207.16,323.74
W00280,C0839,PhonePe,13-09-2025,10618.83,422.01
W00281,C0133,Google Pay,12-09-2025,16231.02,686.08
W00282,C0312,PhonePe,30-07-2025,14736.86,186.77
W00283,C0967,Amazon Pay,18-05-2025,13309.45,604.03
W00284,C0482,Amazon Pay,10-04-2025,2356.4,81.36
W00285,C0895,Amazon Pay,09-06-2025,14440.26,645.24
W00286,C0544,Google Pay,20-08-2025,10056.07,269.88
W00287,C0305,Paytm,25-09-2024,17892.58,525.89
W00288,C0269,Amazon Pay,08-08-2025,18405.43,853.22
W00289,C0414,Amazon Pay,26-12-2024,1197.62,54.49
W00290,C0025,Amazon Pay,05-08-2025,16430.77,413.52
W00291,C0981,Amazon Pay,19-03-2025,850.18,14.75
W00292,C0316,Google Pay,10-03-2025,7406.68,168.08
W00293,C0571,Paytm,04-07-2025,10891.77,244.51
W00294,C0725,Paytm,29-11-2024,3047.21,54.57
W00295,C0668,Paytm,04-12-2024,14951.64,255.46
W00296,C0826,Amazon Pay,31-01-2025,266.26,11.65
W00297,C0276,Amazon Pay,09-05-2025,3455.12,28.14
W00298,C0930,Paytm,06-03-2025,11657.86,413.77
W00299,C0389,Paytm,13-06-2025,14316.31,182.92
W00300,C0722,Amazon Pay,03-04-2025,18341.2,376.05
W00301,C0444,Amazon Pay,27-01-2025,14139.38,109.86
W00302,C0999,PhonePe,21-12-2024,13468.41,230.97
W00303,C0427,PhonePe,06-10-2024,7947.39,314.55
W00304,C0057,PhonePe,24-07-2025,125.56,5.63
W00305,C0697,Paytm,11-11-2024,2491.17,37.29
W00306,C0971,Google Pay,22-09-2024,10737.64,277.67
W00307,C0566,Amazon Pay,13-06-2025,13535.08,354.14
W00308,C0721,PhonePe,22-08-2025,8407.22,372.53
W00309,C0368,Google Pay,17-07-2025,14640.51,575.75
W00310,C0941,Amazon Pay,12-10-2024,10485.06,294.51
W00311,C0342,Google Pay,15-05-2025,1576.11,55.45
W00312,C0805,Paytm,26-06-2025,3921.12,169.12
W00313,C0852,Paytm,08-02-2025,16815.96,91.3
W00314,C0304,Paytm,08-04-2025,14525.76,335.98
W00315,C0764,PhonePe,18-09-2025,17905.76,820.55
W00316,C0374,Amazon Pay,11-07-2025,2439.39,93.46
W00317,C0950,Paytm,12-01-2025,19805.43,582.83
W00318,C0816,PhonePe,01-11-2024,4267.19,123.04
W00319,C0112,PhonePe,02-01-2025,334.42,6.91
W00320,C0878,PhonePe,28-07-2025,19948.72,567.01
W00321,C0006,PhonePe,07-08-2025,5693.37,196.38
W00322,C0930,Paytm,06-05-2025,13393.59,319.12
W00323,C0703,PhonePe,30-04-2025,3615.98,134.29
W00324,C0846,Paytm,15-02-2025,11646.55,509.6
W00325,C0944,Paytm,16-02-2025,18090.3,216.37
W00326,C0279,PhonePe,08-04-2025,6471.61,163.86
W00327,C0382,Paytm,17-11-2024,13438.05,313.92
W00328,C0852,Amazon Pay,06-04-2025,3839.28,137.97
W00329,C0013,Amazon Pay,15-11-2024,12533.43,203.59
W00330,C0303,Google Pay,08-03-2025,6795.36,229.76
W00331,C0556,Amazon Pay,15-01-2025,4303.04,191.43
W00332,C0617,Paytm,10-03-2025,6332.32,150.81
W00333,C0160,Paytm,30-06-2025,3658.94,168.3
W00334,C0154,Amazon Pay,13-01-2025,18048.13,896.85
W00335,C0754,PhonePe,17-04-2025,8004.02,78.23
W00336,C0181,PhonePe,26-12-2024,4981.06,77.14
W00337,C0526,Paytm,31-07-2025,9023.32,431.02
W00338,C0180,PhonePe,03-04-2025,6478.67,311.78
W00339,C0377,Google Pay,05-07-2025,14913.94,140.14
W00340,C0804,Google Pay,24-02-2025,19427.28,110.25
W00341,C0776,Amazon Pay,03-09-2025,8816.87,108
W00342,C0168,Amazon Pay,12-05-2025,17234.56,858.64
W00343,C0214,PhonePe,18-08-2025,11360.68,148.82
W00344,C0150,Paytm,02-08-2025,3228.99,89.17
W00345,C0016,Amazon Pay,03-01-2025,13843.39,597.74
W00346,C0091,Google Pay,06-08-2025,10317.35,61.06
W00347,C0120,Amazon Pay,29-06-2025,13047.07,420.14
W00348,C0956,Amazon Pay,28-01-2025,17804.78,310.98
W00349,C0253,Google Pay,03-01-2025,8864.65,388.32
W00350,C0060,Paytm,21-06-2025,18033.43,320.2
W00351,C0266,Amazon Pay,26-04-2025,15038.31,539.94
W00352,C0409,Amazon Pay,24-02-2025,9823.24,347.15
W00353,C0031,Amazon Pay,07-08-2025,12104.12,181.16
W00354,C0021,PhonePe,07-08-2025,6579.06,43.2
W00355,C0731,Amazon Pay,29-12-2024,19673.59,460.68
W00356,C0593,Google Pay,11-09-2025,13380.29,241.03
W00357,C0289,Paytm,31-03-2025,972.55,40.27
W00358,C0543,Paytm,03-10-2024,6599.78,270.7
W00359,C0498,Google Pay,02-11-2024,12503.96,319.68
W00360,C0746,PhonePe,21-12-2024,1221.03,39.43
W00361,C0474,Google Pay,23-02-2025,575.3,18.52
W00362,C0405,Paytm,18-11-2024,9055.48,382.34
W00363,C0548,Google Pay,26-08-2025,6720.53,162.13
W00364,C0961,PhonePe,03-03-2025,8822.14,153.46
W00365,C0132,Paytm,28-09-2024,5327.6,90.18
W00366,C0324,PhonePe,21-05-2025,3377.88,98.39
W00367,C0858,Google Pay,20-06-2025,13813.95,348.27
W00368,C0132,Amazon Pay,30-01-2025,10339.97,256.49
W00369,C0521,Google Pay,27-02-2025,4083.07,37.16
W00370,C0030,PhonePe,25-11-2024,6459.83,241.19
W00371,C0627,Google Pay,22-10-2024,11876.98,173.62
W00372,C0301,Amazon Pay,19-12-2024,1537.36,21.31
W00373,C0004,PhonePe,05-04-2025,3034.31,71.53
W00374,C0325,Google Pay,20-10-2024,1557.59,23.75
W00375,C0509,PhonePe,10-05-2025,16265.11,508.67
W00376,C0237,PhonePe,27-06-2025,15072.94,327.32
W00377,C0535,Paytm,04-08-2025,15090.93,380.31
W00378,C0016,Paytm,10-04-2025,14354.87,418.77
W00379,C0534,PhonePe,08-10-2024,13420.77,190.03
W00380,C0997,Google Pay,10-03-2025,9592.14,115.19
W00381,C0584,Google Pay,28-10-2024,12881.34,574.75
W00382,C0816,Google Pay,03-05-2025,863.39,21.17
W00383,C0446,Amazon Pay,19-02-2025,12467.14,293.53
W00384,C0993,PhonePe,13-08-2025,15579.77,102.87
W00385,C0503,PhonePe,07-09-2025,10057.13,275.66
W00386,C0956,Amazon Pay,31-12-2024,7214.52,215.99
W00387,C0230,PhonePe,21-12-2024,5620.79,169.45
W00388,C0107,PhonePe,14-03-2025,12891.76,474.63
W00389,C0720,Amazon Pay,23-10-2024,13886.74,180.34
W00390,C0389,Paytm,02-07-2025,17432.26,285.02
W00391,C0720,PhonePe,18-08-2025,6912.45,286.75
W00392,C0263,Amazon Pay,07-07-2025,15418.47,734.27
W00393,C0563,Google Pay,05-05-2025,11270.98,125.3
W00394,C0065,Paytm,21-12-2024,17668.45,484.01
W00395,C0265,Google Pay,27-06-2025,10603.46,155.21
W00396,C0338,PhonePe,23-03-2025,10400.83,80.12
W00397,C0301,Paytm,11-02-2025,11599.75,227.91
W00398,C0378,Amazon Pay,30-03-2025,15011.38,172.12
W00399,C0175,PhonePe,29-09-2024,19297.34,712.98
W00400,C0963,Amazon Pay,05-07-2025,1563.91,45.38
W00401,C0152,Paytm,09-09-2025,1163.35,13.35
W00402,C0476,Google Pay,22-03-2025,18757.25,101.59
W00403,C0266,PhonePe,20-03-2025,10644.52,440.33
W00404,C0329,PhonePe,22-05-2025,12336.57,159.5
W00405,C0973,Amazon Pay,25-01-2025,9700.23,313.12
W00406,C0816,Paytm,05-01-2025,1963.78,39.59
W00407,C0163,Amazon Pay,09-04-2025,15384.98,482.27
W00408,C0438,Paytm,05-08-2025,14969.77,287.49
W00409,C0343,PhonePe,09-09-2025,6302.9,56.17
W00410,C0367,Paytm,09-06-2025,6194.16,93.12
W00411,C0465,PhonePe,29-08-2025,16773.04,225.81
W00412,C0750,Paytm,22-07-2025,1539.91,37.36
W00413,C0199,Google Pay,30-07-2025,17633.99,610.54
W00414,C0500,Paytm,28-10-2024,5207.57,87.86
W00415,C0016,Google Pay,04-02-2025,11900.4,65.97
W00416,C0821,Paytm,28-03-2025,18726.28,530.93
W00417,C0296,Paytm,10-01-2025,13594.64,438.55
W00418,C0868,Amazon Pay,07-05-2025,8347.15,403.41
W00419,C0511,Amazon Pay,10-07-2025,13821.73,435.75
W00420,C0788,PhonePe,03-09-2025,6945.19,181.98
W00421,C0984,Amazon Pay,09-08-2025,5617.44,173.03
W00422,C0239,Paytm,13-04-2025,19934,932.02
W00423,C0581,Amazon Pay,11-08-2025,15040.73,635.88
W00424,C0301,Paytm,08-06-2025,12929.93,252.57
W00425,C0006,Google Pay,10-04-2025,7170.26,112.4
W00426,C0220,Paytm,16-02-2025,1078.3,18.14
W00427,C0766,PhonePe,06-12-2024,718.03,19.89
W00428,C0453,Google Pay,29-09-2024,11128.21,428.24
W00429,C0433,PhonePe,08-01-2025,15264.45,421.98
W00430,C0807,PhonePe,16-10-2024,10793.85,86.9
W00431,C0870,PhonePe,12-11-2024,16831.62,632.21
W00432,C0386,Amazon Pay,15-02-2025,765.19,31.58
W00433,C0619,PhonePe,20-05-2025,7398.37,133.37
W00434,C0295,Google Pay,12-01-2025,4817.7,168.07
W00435,C0118,Paytm,24-04-2025,9000.73,217.79
W00436,C0405,PhonePe,05-02-2025,1540.29,69.33
W00437,C0680,Google Pay,24-03-2025,19087.22,821.42
W00438,C0997,PhonePe,11-09-2025,4542.78,130.13
W00439,C0763,Paytm,11-03-2025,18453.92,666.51
W00440,C0594,Google Pay,08-02-2025,8575.27,383.75
W00441,C0566,Google Pay,30-07-2025,19711.93,538.28
W00442,C0752,Paytm,11-06-2025,11125.76,212.46
W00443,C0878,Google Pay,03-12-2024,18623.57,724.74
W00444,C0012,Paytm,05-04-2025,206.44,3.08
W00445,C0209,Google Pay,03-05-2025,14989.95,337.03
W00446,C0165,Google Pay,21-12-2024,18070.71,794.35
W00447,C0878,Paytm,16-09-2025,2880.44,108.3
W00448,C0294,Paytm,17-04-2025,2012.9,46.64
W00449,C0911,Google Pay,11-01-2025,8548.99,125.36
W00450,C0519,Google Pay,20-12-2024,18680.21,392.63
W00451,C0078,Paytm,08-10-2024,10893.49,193.74
W00452,C0434,Amazon Pay,01-11-2024,10596.38,136.95
W00453,C0577,Paytm,16-01-2025,2908.41,111.83
W00454,C0614,Google Pay,30-05-2025,115.71,1.89
W00455,C0963,Google Pay,03-04-2025,16221.79,412.64
W00456,C0869,Google Pay,16-11-2024,1842.73,41.21
W00457,C0812,Paytm,30-01-2025,12713.61,625.43
W00458,C0799,Google Pay,17-04-2025,18300.87,413.58
W00459,C0683,Amazon Pay,05-11-2024,4252.17,36.57
W00460,C0077,PhonePe,24-11-2024,13338.93,120.61
W00461,C0048,Amazon Pay,02-11-2024,1666.1,52.62
W00462,C0767,Paytm,26-06-2025,12114.73,387.32
W00463,C0082,Google Pay,14-10-2024,3362.24,80.17
W00464,C0895,Paytm,03-07-2025,14745.48,360.28
W00465,C0721,PhonePe,20-10-2024,6094.5,45.26
W00466,C0209,Paytm,13-02-2025,9321.48,263.28
W00467,C0445,Google Pay,25-08-2025,12028.67,333.35
W00468,C0971,PhonePe,06-02-2025,3508.34,41.15
W00469,C0596,PhonePe,24-12-2024,14858.59,143.72
W00470,C0522,Google Pay,11-02-2025,6122.54,64.66
W00471,C0029,Google Pay,12-02-2025,13281.2,126.79
W00472,C0304,Google Pay,08-07-2025,3249.83,105.41
W00473,C0994,Paytm,07-12-2024,13793.54,190.93
W00474,C0465,Amazon Pay,09-11-2024,2650.94,43.25
W00475,C0502,Paytm,02-09-2025,8564.59,109.72
W00476,C0446,Paytm,26-08-2025,5019.4,241.45
W00477,C0628,Amazon Pay,18-10-2024,14992.67,651.55
W00478,C0490,Google Pay,20-06-2025,5314.5,81.7
W00479,C0781,Google Pay,01-05-2025,17646.17,348.34
W00480,C0428,Amazon Pay,27-07-2025,17847.22,257.81
W00481,C0559,Amazon Pay,17-09-2025,4009.18,108.79
W00482,C0359,Paytm,20-12-2024,12315.53,72.45
W00483,C0960,PhonePe,08-01-2025,1845.58,64.99
W00484,C0091,Amazon Pay,10-04-2025,7891.59,225.24
W00485,C0053,Paytm,24-05-2025,14295.1,649.55
W00486,C0730,PhonePe,17-05-2025,13222.52,163.93
W00487,C0860,Google Pay,29-08-2025,12531.54,516.11
W00488,C0589,Google Pay,21-10-2024,5722.56,232.55
W00489,C0204,Paytm,10-12-2024,7622.7,81.74
W00490,C0556,Paytm,15-09-2025,2148.63,49.28
W00491,C0156,Amazon Pay,06-11-2024,14408.55,182.37
W00492,C0002,Google Pay,12-12-2024,10127.39,166.72
W00493,C0357,Paytm,28-07-2025,14204.44,239.29
W00494,C0825,Google Pay,08-05-2025,5053.98,151.77
W00495,C0569,Google Pay,11-03-2025,6556.32,154.16
W00496,C0802,Amazon Pay,09-06-2025,6750.89,321.67
W00497,C0983,PhonePe,13-01-2025,612.27,6.54
W00498,C0058,Amazon Pay,03-07-2025,6886.85,336.19
W00499,C0254,Paytm,13-09-2025,16085.76,247.38
W00500,C0180,Amazon Pay,26-11-2024,17956.24,714.29
W00501,C0493,Amazon Pay,09-10-2024,10412.54,210.89
W00502,C0669,Google Pay,08-12-2024,9164.48,104.83
W00503,C0035,Amazon Pay,10-12-2024,713.41,31.11
W00504,C0075,Paytm,12-05-2025,17596.17,332.55
W00505,C0944,PhonePe,29-08-2025,358.9,12.44
W00506,C0289,Amazon Pay,21-08-2025,18900.53,576.28
W00507,C0371,Amazon Pay,17-02-2025,9835.4,257.97
W00508,C0587,PhonePe,10-09-2025,6904.5,188.57
W00509,C0329,Paytm,20-12-2024,18491.95,701.78
W00510,C0590,Paytm,12-01-2025,585.38,5.24
W00511,C0767,Amazon Pay,20-11-2024,11670.36,409.26
W00512,C0777,Google Pay,25-02-2025,11023.76,499.5
W00513,C0999,Amazon Pay,12-03-2025,4464.48,33.93
W00514,C0304,PhonePe,31-12-2024,8634.86,97.83
W00515,C0579,PhonePe,01-11-2024,13080.05,487.21
W00516,C0221,PhonePe,26-08-2025,14569.91,359.55
W00517,C0979,Amazon Pay,22-01-2025,114.27,2.65
W00518,C0164,Amazon Pay,15-12-2024,18743.38,209.24
W00519,C0480,Paytm,24-11-2024,3374.05,93.81
W00520,C0455,Google Pay,01-01-2025,4748.25,50.78
W00521,C0375,Amazon Pay,20-03-2025,5343.12,141.31
W00522,C0220,Paytm,29-05-2025,852.62,33.56
W00523,C0684,Amazon Pay,09-08-2025,2548.74,42.36
W00524,C0254,Paytm,15-12-2024,19728.36,525.47
W00525,C0722,Paytm,18-09-2025,6372.81,316.35
W00526,C0188,Google Pay,30-09-2024,2394.49,85.96
W00527,C0191,Amazon Pay,04-02-2025,2229.13,95.54
W00528,C0389,Paytm,10-11-2024,14417.25,341.23
W00529,C0215,PhonePe,12-01-2025,17105.92,676.6
W00530,C0375,PhonePe,06-12-2024,5213.35,35.57
W00531,C0086,PhonePe,05-12-2024,516.1,5.44
W00532,C0474,Google Pay,03-06-2025,4539.49,64.18
W00533,C0618,Paytm,10-08-2025,1224.66,28.27
W00534,C0844,Google Pay,24-05-2025,2157.56,92.9
W00535,C0808,Amazon Pay,13-03-2025,8687.01,178.8
W00536,C0531,Amazon Pay,27-08-2025,4675.38,161.1
W00537,C0047,Paytm,29-04-2025,10367.32,382.75
W00538,C0065,PhonePe,07-02-2025,5144.53,161.43
W00539,C0963,Paytm,08-05-2025,18816.69,396.58
W00540,C0475,Paytm,13-12-2024,18128.28,561.39
W00541,C0146,Paytm,30-03-2025,11379.44,232.16
W00542,C0946,Google Pay,25-01-2025,7153.04,62.76
W00543,C0798,Amazon Pay,13-07-2025,7684.82,381.75
W00544,C0382,Paytm,18-09-2025,8295.86,88.96
W00545,C0066,Paytm,30-05-2025,14578.83,120.36
W00546,C0517,Paytm,05-10-2024,9087.62,404.71
W00547,C0093,Google Pay,29-11-2024,17148.93,318.67
W00548,C0865,Google Pay,04-02-2025,18887.49,647.15
W00549,C0426,Google Pay,28-03-2025,6785.33,134.39
W00550,C0468,Paytm,30-05-2025,11257.82,254.6
W00551,C0094,PhonePe,13-09-2025,1991.63,33.45
W00552,C0618,PhonePe,09-06-2025,4089.33,83.57
W00553,C0133,PhonePe,08-04-2025,8327.97,195.55
W00554,C0434,Amazon Pay,17-12-2024,4203.43,157.29
W00555,C0341,Paytm,05-11-2024,17543.55,491.55
W00556,C0314,PhonePe,10-12-2024,3249.9,154.24
W00557,C0591,PhonePe,27-01-2025,9167.65,63.12
W00558,C0212,PhonePe,25-12-2024,12153.41,335.9
W00559,C0520,Paytm,18-03-2025,13868.09,433.93
W00560,C0159,PhonePe,24-03-2025,7723.08,358.42
W00561,C0268,PhonePe,18-11-2024,17395.07,125.46
W00562,C0661,Paytm,08-07-2025,11409.55,351.5
W00563,C0862,Amazon Pay,31-12-2024,8846.2,384.04
W00564,C0958,Google Pay,24-11-2024,1438.09,22.85
W00565,C0603,PhonePe,08-03-2025,9347.32,415.33
W00566,C0748,Google Pay,04-07-2025,16432.64,96.25
W00567,C0474,Amazon Pay,08-07-2025,12329.37,468.03
W00568,C0801,Amazon Pay,03-04-2025,16660.03,782.86
W00569,C0410,PhonePe,30-08-2025,9930.83,343.35
W00570,C0474,Paytm,23-01-2025,2457.39,60.84
W00571,C0356,Amazon Pay,23-03-2025,371.43,2.61
W00572,C0680,Google Pay,21-09-2025,6134.07,284.65
W00573,C0193,Google Pay,25-02-2025,13990.01,366.03
W00574,C0699,Google Pay,27-11-2024,15826.17,99.78
W00575,C0271,Google Pay,17-02-2025,5985.48,215.73
W00576,C0114,Amazon Pay,09-07-2025,9963.51,265.85
W00577,C0897,PhonePe,20-08-2025,8480.27,89.85
W00578,C0523,PhonePe,06-11-2024,8269.4,121.08
W00579,C0055,Google Pay,02-12-2024,4703.84,37.17
W00580,C0770,PhonePe,15-09-2025,2813.78,86.79
W00581,C0065,Google Pay,05-04-2025,4014.1,132.43
W00582,C0991,Google Pay,25-12-2024,1201.11,33.34
W00583,C0684,Paytm,29-04-2025,4042.8,168.87
W00584,C0272,Amazon Pay,25-05-2025,283.1,12.38
W00585,C0502,Amazon Pay,01-02-2025,12582.44,411.48
W00586,C0662,Google Pay,04-09-2025,6395.87,35.65
W00587,C0362,Amazon Pay,06-12-2024,19465.58,706.32
W00588,C0146,PhonePe,17-12-2024,3954.97,94.17
W00589,C0943,Google Pay,30-03-2025,6981.99,212.6
W00590,C0209,Paytm,26-03-2025,7221.04,247.02
W00591,C0286,PhonePe,06-03-2025,268.18,5.57
W00592,C0010,Paytm,24-10-2024,16800.24,777.34
W00593,C0739,Paytm,01-01-2025,736.69,8.12
W00594,C0186,Amazon Pay,26-10-2024,18809.58,662.44
W00595,C0574,Amazon Pay,10-09-2025,17852.28,92.76
W00596,C0597,Google Pay,01-11-2024,10756.89,501.37
W00597,C0464,Amazon Pay,11-03-2025,10917.55,109.86
W00598,C0134,Paytm,18-11-2024,13110.18,121.53
W00599,C0835,Paytm,02-01-2025,7802.3,155.93
W00600,C0809,PhonePe,28-04-2025,12979.72,283.09
W00601,C0171,Paytm,10-01-2025,990.89,14.51
W00602,C0213,Google Pay,23-08-2025,1175.55,36.83
W00603,C0973,Google Pay,05-06-2025,9198.89,229.34
W00604,C0530,Amazon Pay,26-04-2025,11037.48,72.16
W00605,C0826,Amazon Pay,25-11-2024,17767.57,344.41
W00606,C0502,Amazon Pay,17-02-2025,2182.75,90.52
W00607,C0572,Google Pay,20-09-2025,16470.69,593.55
W00608,C0600,Paytm,05-07-2025,4279.94,161.01
W00609,C0027,Amazon Pay,21-09-2025,7942.26,289.22
W00610,C0068,PhonePe,07-08-2025,6400.39,121.57
W00611,C0790,Amazon Pay,21-12-2024,8063.09,76.48
W00612,C0408,Google Pay,22-04-2025,3094.86,53.42
W00613,C0552,Amazon Pay,15-08-2025,10121.04,429.44
W00614,C0109,Paytm,04-02-2025,16052.69,788.53
W00615,C0074,Amazon Pay,28-12-2024,8886.53,241.92
W00616,C0578,Google Pay,09-05-2025,9863.21,53.62
W00617,C0680,Google Pay,16-05-2025,16990.47,192.03
W00618,C0262,PhonePe,15-01-2025,14150.56,275.85
W00619,C0368,Google Pay,22-08-2025,9860.04,306.02
W00620,C0786,PhonePe,19-10-2024,5228.14,43.81
W00621,C0849,Paytm,01-02-2025,17710.04,840.36
W00622,C0870,Google Pay,15-04-2025,11582.71,248.2
W00623,C0237,Amazon Pay,26-08-2025,4500.84,207.34
W00624,C0727,Paytm,25-07-2025,5455.48,218.89
W00625,C0366,Amazon Pay,14-12-2024,16082.35,627.13
W00626,C0286,Amazon Pay,16-06-2025,978.5,31.61
W00627,C0378,Amazon Pay,08-02-2025,19842.63,658.88
W00628,C0661,Paytm,23-06-2025,2694,90.82
W00629,C0830,Paytm,03-07-2025,15941.76,530.74
W00630,C0906,Google Pay,27-06-2025,7956.03,238.03
W00631,C0376,Amazon Pay,11-02-2025,9895.1,488.71
W00632,C0619,PhonePe,31-12-2024,17624.95,668.92
W00633,C0653,Google Pay,17-11-2024,8316.93,332.37
W00634,C0076,Paytm,23-08-2025,10796.13,477.85
W00635,C0009,PhonePe,08-06-2025,1081.06,15.9
W00636,C0196,Paytm,10-06-2025,146.71,1.29
W00637,C0807,PhonePe,08-03-2025,4971.52,132.89
W00638,C0792,Google Pay,26-09-2024,13643.6,383.84
W00639,C0893,PhonePe,24-12-2024,2513.17,106.34
W00640,C0630,Google Pay,14-01-2025,2363.86,59.03
W00641,C0290,Paytm,06-04-2025,8278.12,254.04
W00642,C0999,PhonePe,08-11-2024,12991.96,373.11
W00643,C0061,Amazon Pay,03-06-2025,14270.23,95.88
W00644,C0937,Amazon Pay,09-10-2024,3651.17,119.34
W00645,C0389,Paytm,16-07-2025,1683.8,71.16
W00646,C0847,PhonePe,13-10-2024,18813.9,227.41
W00647,C0818,Amazon Pay,07-06-2025,5287.26,167.84
W00648,C0900,Google Pay,08-10-2024,17081.6,541.7
W00649,C0563,PhonePe,24-07-2025,17283.48,214.11
W00650,C0564,PhonePe,29-12-2024,15473.2,163.33
W00651,C0634,Amazon Pay,24-01-2025,3459.79,169.88
W00652,C0679,Google Pay,09-01-2025,16453.85,373.79
W00653,C0008,Google Pay,19-06-2025,15408.09,234.73
W00654,C0369,Google Pay,18-11-2024,11974.79,152.19
W00655,C0045,PhonePe,03-04-2025,6810.32,238.65
W00656,C0344,Paytm,04-12-2024,5323.92,172.63
W00657,C0757,PhonePe,20-02-2025,2525.6,85.77
W00658,C0796,PhonePe,07-01-2025,10244.17,91.79
W00659,C0375,Amazon Pay,06-11-2024,11746.69,531.06
W00660,C0619,Paytm,09-03-2025,7250.85,163.27
W00661,C0027,Google Pay,19-10-2024,9559.65,182.6
W00662,C0193,Amazon Pay,30-06-2025,7333.94,189.26
W00663,C0930,PhonePe,28-08-2025,12856.02,289.94
W00664,C0849,Paytm,12-06-2025,18035.06,791.04
W00665,C0357,Google Pay,17-10-2024,3362.01,157.4
W00666,C0062,Google Pay,09-05-2025,7690.04,143.46
W00667,C0062,PhonePe,08-03-2025,2903.29,127.39
W00668,C0422,Google Pay,08-04-2025,12536.38,503.57
W00669,C0794,Google Pay,16-10-2024,14604.52,684.75
W00670,C0633,Paytm,05-04-2025,18645.06,299.42
W00671,C0792,Amazon Pay,22-05-2025,5649.55,174.93
W00672,C0551,Paytm,05-04-2025,19009.2,329.9
W00673,C0380,Amazon Pay,26-07-2025,1358.93,57.19
W00674,C0277,Amazon Pay,27-05-2025,12099.98,63.4
W00675,C0606,Amazon Pay,27-11-2024,1236.94,37.62
W00676,C0431,Google Pay,27-06-2025,17886.11,362.45
W00677,C0115,Paytm,24-12-2024,10643.2,207.76
W00678,C0688,Google Pay,17-06-2025,13420.03,456.56
W00679,C0121,PhonePe,06-09-2025,16648.32,721.15
W00680,C0525,Paytm,03-03-2025,3091.18,100.2
W00681,C0997,Amazon Pay,07-07-2025,867.97,37.66
W00682,C0899,Google Pay,10-01-2025,17589.73,297.39
W00683,C0416,Google Pay,20-02-2025,6367.17,180.68
W00684,C0163,Paytm,12-12-2024,2666.68,67.4
W00685,C0787,Paytm,17-07-2025,9422.38,52.05
W00686,C0910,Amazon Pay,28-12-2024,12006.29,360.87
W00687,C0688,Amazon Pay,01-04-2025,716.32,24.91
W00688,C0982,PhonePe,10-04-2025,5570.42,176.23
W00689,C0337,Amazon Pay,11-05-2025,752.72,28.7
W00690,C0379,Google Pay,04-01-2025,8464.67,259.95
W00691,C0324,PhonePe,17-04-2025,17912.49,143.37
W00692,C0173,PhonePe,21-02-2025,19654.78,201.27
W00693,C1000,PhonePe,01-09-2025,12777.25,406.84
W00694,C0787,Paytm,10-01-2025,3316.59,57.62
W00695,C0064,Amazon Pay,16-05-2025,18126.4,155.6
W00696,C0101,PhonePe,01-01-2025,10373.33,252.41
W00697,C0322,Paytm,10-03-2025,3159.61,94.61
W00698,C0975,Paytm,19-12-2024,18442.36,365.04
W00699,C0066,PhonePe,24-02-2025,15173.63,567.79
W00700,C0843,PhonePe,15-11-2024,14660.93,498.03
W00701,C0557,Google Pay,13-09-2025,14212.7,283.92
W00702,C0599,PhonePe,19-01-2025,4086.76,159.26
W00703,C0458,Google Pay,19-12-2024,4299.03,146.99
W00704,C0579,PhonePe,13-07-2025,13797.03,464.75
W00705,C0453,PhonePe,07-07-2025,4472.48,133.75
W00706,C0259,Amazon Pay,25-08-2025,8829.57,48.67
W00707,C0934,PhonePe,12-06-2025,15661.84,569.2
W00708,C0717,PhonePe,16-06-2025,15700.66,344.19
W00709,C0426,Google Pay,17-07-2025,9119.91,432.44
W00710,C0979,Google Pay,18-04-2025,15864.58,663.29
W00711,C0936,Amazon Pay,18-01-2025,16788.57,527.94
W00712,C0178,PhonePe,04-11-2024,13130.04,214.65
W00713,C0931,PhonePe,21-01-2025,4645.67,65.82
W00714,C0280,Google Pay,16-05-2025,5552.83,112.82
W00715,C0344,Paytm,13-01-2025,6365.34,168.33
W00716,C0017,Paytm,03-04-2025,2424.4,44.42
W00717,C0296,Paytm,02-04-2025,5535.88,155.96
W00718,C0202,Google Pay,17-10-2024,4269.43,53.12
W00719,C0962,Google Pay,19-12-2024,9161.04,448.86
W00720,C0684,Paytm,15-11-2024,18177.91,179.17
W00721,C0919,Paytm,06-07-2025,2179.16,102.28
W00722,C0774,PhonePe,27-08-2025,14433.33,665.54
W00723,C0194,Google Pay,12-08-2025,13776.93,394.59
W00724,C0149,Google Pay,18-12-2024,2005.51,75.45
W00725,C0375,Paytm,21-06-2025,18459.19,454.51
W00726,C0888,Paytm,26-12-2024,11412.6,380.63
W00727,C0035,Amazon Pay,10-06-2025,7338.14,149.15
W00728,C0369,Google Pay,02-07-2025,15155.12,281.16
W00729,C0029,Amazon Pay,17-11-2024,5221.57,161.97
W00730,C0775,PhonePe,21-06-2025,13900.85,381.1
W00731,C0221,Amazon Pay,29-08-2025,890.25,27.67
W00732,C0053,Paytm,14-01-2025,16804.22,300.79
W00733,C0933,Google Pay,28-09-2024,9018.6,194.02
W00734,C0791,Google Pay,21-11-2024,12770.19,112.06
W00735,C0353,Amazon Pay,22-09-2025,4502.63,33.11
W00736,C0392,Amazon Pay,20-04-2025,13573.77,222.69
W00737,C0076,PhonePe,21-07-2025,15467.58,129.02
W00738,C0494,PhonePe,16-11-2024,9516.94,92.03
W00739,C0688,Paytm,12-10-2024,12392.77,515.31
W00740,C0522,Paytm,04-03-2025,9180.89,61.96
W00741,C0975,Paytm,26-01-2025,17892.42,620.02
W00742,C0117,Amazon Pay,11-10-2024,10007.6,172.78
W00743,C0280,Amazon Pay,12-02-2025,16851.99,745.19
W00744,C0730,Google Pay,24-06-2025,16046.91,430.45
W00745,C0175,Paytm,21-04-2025,8269.05,155.05
W00746,C0746,Amazon Pay,09-04-2025,4678.68,132.38
W00747,C0949,Google Pay,04-06-2025,8181.03,181.52
W00748,C0764,Paytm,04-11-2024,16541.73,502.76
W00749,C0295,PhonePe,23-11-2024,4629.89,47.01
W00750,C0451,PhonePe,24-11-2024,10536.28,525.39
W00751,C0834,Amazon Pay,27-08-2025,16141.33,389.81
W00752,C0518,Google Pay,11-03-2025,7134.2,147.47
W00753,C0021,PhonePe,07-12-2024,12879.97,476.04
W00754,C0073,Google Pay,06-01-2025,4988.07,106.62
W00755,C0842,Google Pay,05-01-2025,2274.66,96.67
W00756,C0036,PhonePe,10-12-2024,15908.25,404.74
W00757,C0507,Google Pay,22-02-2025,2069.48,77.36
W00758,C0899,PhonePe,18-08-2025,5500.49,54.1
W00759,C0233,Amazon Pay,20-10-2024,17116.68,737.31
W00760,C0728,Paytm,11-01-2025,6994.74,266.55
W00761,C0982,Paytm,10-05-2025,19463.6,282.75
W00762,C0497,Amazon Pay,30-08-2025,19596.71,226.1
W00763,C0206,PhonePe,31-07-2025,5438.69,104.6
W00764,C0426,PhonePe,24-09-2024,915.47,44.79
W00765,C0941,PhonePe,03-06-2025,14130.76,233.97
W00766,C0044,PhonePe,16-02-2025,9074.63,231.64
W00767,C0091,Amazon Pay,18-08-2025,2104.98,13.37
W00768,C0929,Paytm,09-04-2025,14179.7,324.36
W00769,C0828,Google Pay,12-09-2025,720.38,22.12
W00770,C0470,Google Pay,12-02-2025,17416.91,834.11
W00771,C0605,Paytm,20-04-2025,2859.19,80.78
W00772,C0467,Amazon Pay,29-10-2024,2633.51,110.24
W00773,C0851,Google Pay,25-05-2025,3595.88,106.51
W00774,C0454,Paytm,23-03-2025,19209.3,131.3
W00775,C0595,Amazon Pay,17-09-2025,13894.07,266.42
W00776,C0333,Google Pay,19-02-2025,16047.29,495.86
W00777,C0507,PhonePe,25-07-2025,8012.94,382.83
W00778,C0794,PhonePe,21-08-2025,6792.62,296.57
W00779,C0470,Amazon Pay,25-03-2025,4766.23,72.81
W00780,C0021,PhonePe,18-12-2024,9664.9,144.05
W00781,C0228,Amazon Pay,22-09-2025,11081.39,155.72
W00782,C0376,Paytm,19-01-2025,12672.32,589.42
W00783,C0130,Paytm,03-09-2025,5216.66,226.25
W00784,C0687,Google Pay,17-06-2025,18978.22,756.66
W00785,C0620,Amazon Pay,13-02-2025,3478.19,78.86
W00786,C0414,Google Pay,15-09-2025,19316.5,535.01
W00787,C0795,Google Pay,06-09-2025,395.64,10.25
W00788,C0071,Paytm,09-12-2024,9674.4,158.69
W00789,C0404,Google Pay,16-02-2025,6734.02,186.71
W00790,C0562,PhonePe,31-05-2025,9037.56,57.59
W00791,C0607,Google Pay,19-06-2025,11456.23,125.23
W00792,C0791,Amazon Pay,12-03-2025,8768.22,393.66
W00793,C0397,PhonePe,26-11-2024,8355.45,324.41
W00794,C0337,Paytm,24-12-2024,14681.2,352.78
W00795,C0644,Amazon Pay,01-09-2025,13748.94,388.71
W00796,C0505,PhonePe,21-06-2025,16682.1,361.17
W00797,C0910,Amazon Pay,04-11-2024,5074.18,194.52
W00798,C0276,PhonePe,01-02-2025,12229.62,492.71
W00799,C0892,Amazon Pay,19-11-2024,11745.38,462.16
W00800,C0013,Amazon Pay,28-02-2025,7457.78,279.8
W00801,C0003,PhonePe,16-03-2025,9772.55,138.8
W00802,C0986,Paytm,11-06-2025,6344.26,128.21
W00803,C0986,Paytm,09-11-2024,2922.7,76.41
W00804,C0978,Amazon Pay,14-09-2025,4354.64,86.59
W00805,C0224,Amazon Pay,17-03-2025,2199.72,85.73
W00806,C0974,Paytm,04-01-2025,13693.08,271.41
W00807,C0175,Paytm,15-07-2025,13248.48,148.65
W00808,C0899,Google Pay,09-01-2025,19017.07,436.57
W00809,C0385,Paytm,25-02-2025,14620.6,717.82
W00810,C0602,Amazon Pay,28-07-2025,1135.71,17.22
W00811,C0920,PhonePe,29-04-2025,17696.48,575.97
W00812,C0241,Paytm,01-02-2025,17267.24,422.77
W00813,C0547,Google Pay,03-03-2025,8922.07,73.13
W00814,C0014,Google Pay,12-09-2025,11758.67,316.95
W00815,C0195,Google Pay,11-07-2025,19523.96,714.53
W00816,C0397,PhonePe,25-09-2024,10692.86,300.41
W00817,C0431,Paytm,31-01-2025,18115.9,801.53
W00818,C0306,Paytm,24-03-2025,1752.47,31.55
W00819,C0334,Paytm,11-09-2025,3901.93,34.65
W00820,C0725,PhonePe,19-12-2024,8871.02,418.23
W00821,C0410,PhonePe,23-09-2024,11736.66,258.43
W00822,C0003,Amazon Pay,11-05-2025,16342.93,505.62
W00823,C0691,Google Pay,02-02-2025,19766.42,803.31
W00824,C0552,Google Pay,02-02-2025,7838.14,153.58
W00825,C0452,Paytm,10-10-2024,1043.57,38.85
W00826,C0676,PhonePe,14-11-2024,16043.31,177.98
W00827,C0819,PhonePe,06-05-2025,12127.18,219.6
W00828,C0747,Paytm,17-04-2025,4051,46.64
W00829,C0769,Paytm,28-09-2024,9947.09,412.86
W00830,C0872,Amazon Pay,27-02-2025,14871.97,223.37
W00831,C0495,Google Pay,27-06-2025,15431.19,575.32
W00832,C0417,Google Pay,09-08-2025,10042.41,476.5
W00833,C0391,Google Pay,12-08-2025,6173.77,177.49
W00834,C0373,Amazon Pay,29-05-2025,19477.48,570.72
W00835,C0628,Paytm,31-08-2025,13300.92,342.45
W00836,C0052,Paytm,10-01-2025,8223.93,161.72
W00837,C0376,Google Pay,07-07-2025,5681.22,150.01
W00838,C0395,Google Pay,04-08-2025,14648.95,470.62
W00839,C0923,Amazon Pay,13-12-2024,4919.45,242.87
W00840,C0142,PhonePe,25-11-2024,3517.03,166
W00841,C0086,PhonePe,14-08-2025,10643.69,466.16
W00842,C0464,Google Pay,20-12-2024,5870.75,264.25
W00843,C0046,Amazon Pay,12-10-2024,12615.21,328.67
W00844,C0844,Google Pay,30-09-2024,2446.98,84.63
W00845,C0238,PhonePe,19-08-2025,13133.33,594.65
W00846,C0010,Google Pay,07-03-2025,5737.6,130.14
W00847,C0664,PhonePe,24-09-2024,104.83,5.06
W00848,C0573,PhonePe,04-09-2025,2626.03,62.26
W00849,C0530,PhonePe,23-11-2024,18678.95,598.64
W00850,C0598,Paytm,22-08-2025,17360.36,641.31
W00851,C0649,Paytm,04-01-2025,4748.82,226.88
W00852,C0913,Google Pay,20-01-2025,15589.6,249.55
W00853,C0742,PhonePe,09-06-2025,12210.57,471.03
W00854,C0640,Paytm,17-04-2025,19421,552.27
W00855,C0616,Google Pay,10-12-2024,7534.75,128.73
W00856,C0698,Google Pay,12-11-2024,13661.07,545.72
W00857,C0909,Google Pay,11-08-2025,1364.36,40.73
W00858,C0178,Google Pay,22-07-2025,7985.32,277.44
W00859,C0869,Google Pay,10-02-2025,19279.97,376.55
W00860,C0006,Amazon Pay,05-02-2025,10825.72,288.58
W00861,C0853,PhonePe,09-09-2025,5828.8,191.07
W00862,C0307,Google Pay,03-03-2025,2493.39,57.9
W00863,C0548,Amazon Pay,03-05-2025,14100.21,196.37
W00864,C0327,PhonePe,28-10-2024,12932.64,624.31
W00865,C0356,Paytm,12-11-2024,7541.38,211.28
W00866,C0793,Google Pay,30-01-2025,19023.73,723.4
W00867,C0395,Amazon Pay,01-04-2025,541.84,12.73
W00868,C0300,Paytm,28-02-2025,6144.1,128.91
W00869,C0526,Amazon Pay,05-05-2025,18429.28,429.81
W00870,C0749,PhonePe,10-12-2024,6486.62,151.88
W00871,C0285,PhonePe,10-04-2025,5119.83,150.97
W00872,C0330,Paytm,03-05-2025,10730.99,316.09
W00873,C0050,Amazon Pay,09-02-2025,16493.65,451.46
W00874,C0773,Google Pay,27-10-2024,2152.62,23.82
W00875,C0968,Google Pay,11-04-2025,18866.11,515.49
W00876,C0622,Paytm,24-11-2024,15921.95,200.77
W00877,C0709,Paytm,10-03-2025,3706.88,39.58
W00878,C0378,Paytm,12-12-2024,14268.96,670.2
W00879,C0764,Amazon Pay,07-12-2024,7760.68,250.07
W00880,C0600,Google Pay,19-03-2025,8105.66,281.08
W00881,C1000,Google Pay,15-10-2024,15687.47,362.08
W00882,C0825,Google Pay,31-12-2024,19259.42,884.09
W00883,C0538,Paytm,17-05-2025,2620.45,88.33
W00884,C0774,Google Pay,05-10-2024,8470.54,335.54
W00885,C0144,PhonePe,11-07-2025,9670.74,208.75
W00886,C0060,Paytm,22-07-2025,7588.61,365.78
W00887,C0868,Google Pay,14-06-2025,7327.46,307.17
W00888,C0780,Amazon Pay,08-06-2025,1140.15,49.51
W00889,C0075,Paytm,29-01-2025,13742.22,175.2
W00890,C0003,PhonePe,17-01-2025,8780.67,150.97
W00891,C0575,PhonePe,18-10-2024,3976.4,70.99
W00892,C0748,Amazon Pay,28-06-2025,16339.07,280.88
W00893,C0448,Amazon Pay,16-02-2025,16070.96,698.98
W00894,C0958,Paytm,06-06-2025,9779.19,62.93
W00895,C0741,Paytm,26-12-2024,6039.17,50.88
W00896,C0902,PhonePe,03-06-2025,12798.05,221.74
W00897,C0275,Amazon Pay,10-01-2025,5834.23,81.65
W00898,C0530,Paytm,06-02-2025,4796.56,74.03
W00899,C0592,PhonePe,02-12-2024,14637.24,598.77
W00900,C0215,Amazon Pay,30-10-2024,902.47,27.38
W00901,C0683,PhonePe,29-10-2024,1985.89,10.45
W00902,C0485,Google Pay,02-12-2024,235.08,5.72
W00903,C0329,Amazon Pay,25-05-2025,3143.57,73.42
W00904,C0255,Paytm,13-11-2024,1472.9,14.92
W00905,C0387,Paytm,25-12-2024,19916.47,705.57
W00906,C0126,Google Pay,04-07-2025,5847.32,213.98
W00907,C0767,Amazon Pay,01-10-2024,3070.43,114.96
W00908,C0584,PhonePe,31-12-2024,4895.83,184.97
W00909,C0550,Paytm,10-11-2024,18728.9,93.69
W00910,C0324,Google Pay,16-02-2025,10451.19,500.89
W00911,C0204,Google Pay,22-12-2024,7359.88,306.46
W00912,C0172,Amazon Pay,05-12-2024,17480.49,798.49
W00913,C0735,Amazon Pay,15-11-2024,7960.31,45.41
W00914,C0217,Paytm,18-07-2025,6766.67,318.19
W00915,C0245,Google Pay,13-09-2025,4224.92,175.08
W00916,C0336,PhonePe,14-08-2025,7618.16,325.1
W00917,C0703,Google Pay,29-03-2025,6402.02,58.89
W00918,C0298,PhonePe,29-10-2024,13578.35,519.3
W00919,C0832,PhonePe,30-08-2025,5862.7,282.56
W00920,C0182,Paytm,11-09-2025,11586.27,411.71
W00921,C0334,Google Pay,15-08-2025,1411.25,43.29
W00922,C0511,PhonePe,24-05-2025,3906.65,185.77
W00923,C0383,Amazon Pay,15-07-2025,8207.36,204.63
W00924,C0717,PhonePe,18-04-2025,18745.29,599.25
W00925,C0873,Amazon Pay,27-10-2024,7607.31,201.1
W00926,C0199,Amazon Pay,19-09-2025,13315.08,625.52
W00927,C0332,Google Pay,28-07-2025,5176.24,43.6
W00928,C0165,Amazon Pay,26-12-2024,2627.97,72.4
W00929,C0242,PhonePe,26-07-2025,1264.88,45.43
W00930,C0900,Amazon Pay,13-07-2025,6177.73,251.04
W00931,C0642,Google Pay,23-07-2025,3237.45,101.12
W00932,C0227,Paytm,16-12-2024,3562.81,163.54
W00933,C0634,PhonePe,08-01-2025,15239.11,722.18
W00934,C0556,PhonePe,22-10-2024,415.18,3.28
W00935,C0451,Google Pay,18-01-2025,11200.42,258.8
W00936,C0196,Google Pay,04-05-2025,7651.28,46.33
W00937,C0870,Google Pay,26-10-2024,10180.34,201.81
W00938,C0204,Google Pay,11-05-2025,11300.32,329.51
W00939,C0979,PhonePe,03-06-2025,6336.02,291.37
W00940,C0458,Paytm,31-08-2025,5972.67,257.39
W00941,C0830,Amazon Pay,21-04-2025,14694.7,157.78
W00942,C0257,Amazon Pay,30-08-2025,17438.41,160.2
W00943,C0529,Paytm,02-03-2025,3932.37,123.94
W00944,C0272,Paytm,01-01-2025,2042.61,59.12
W00945,C0009,Paytm,24-08-2025,17966.14,305.19
W00946,C0761,Google Pay,17-05-2025,7062.92,321.19
W00947,C0949,PhonePe,01-11-2024,11071.22,517.37
W00948,C0201,PhonePe,02-10-2024,7254.91,167.72
W00949,C0059,PhonePe,19-09-2025,2603.47,117.32
W00950,C0887,Google Pay,22-02-2025,11827.7,263.49
W00951,C0393,PhonePe,10-07-2025,10550.3,402.57
W00952,C0652,Google Pay,23-03-2025,4139.57,109.36
W00953,C0119,PhonePe,17-02-2025,9092.19,95.62
W00954,C0553,Paytm,23-01-2025,15959.26,746.21
W00955,C0399,Amazon Pay,25-09-2024,11849.48,301.38
W00956,C0834,Amazon Pay,26-08-2025,2028.65,77.19
W00957,C0331,Google Pay,19-02-2025,11005.63,236.87
W00958,C0267,PhonePe,03-05-2025,14084.49,82.39
W00959,C0520,Amazon Pay,26-08-2025,15874.8,151.19
W00960,C0695,Paytm,12-01-2025,12619.44,344.89
W00961,C0480,Paytm,10-09-2025,3137.9,113.12
W00962,C0134,Paytm,21-07-2025,14232.45,285.55
W00963,C0693,Google Pay,28-11-2024,13579.1,492.88
W00964,C0916,Google Pay,08-12-2024,586.09,21.36
W00965,C0935,PhonePe,11-10-2024,8293.78,304.19
W00966,C0355,Paytm,29-08-2025,6725.71,182.69
W00967,C0584,PhonePe,25-05-2025,13421.3,619.66
W00968,C0498,PhonePe,06-08-2025,4401.1,118.89
W00969,C0625,Paytm,09-08-2025,11858.35,299.56
W00970,C0107,PhonePe,13-04-2025,18272.8,255.31
W00971,C0290,Amazon Pay,16-06-2025,15976.27,301.06
W00972,C0825,Google Pay,04-11-2024,18437.01,127.31
W00973,C0629,PhonePe,02-04-2025,19572.27,655.85
W00974,C0632,Paytm,15-04-2025,312.34,5.05
W00975,C0147,Google Pay,10-01-2025,12492.55,233.45
W00976,C0327,Google Pay,24-01-2025,8315.5,330.01
W00977,C0415,PhonePe,25-04-2025,17211.1,339.49
W00978,C0210,Amazon Pay,07-07-2025,5111.11,81.26
W00979,C0296,PhonePe,22-07-2025,19622.49,247.39
W00980,C0398,Amazon Pay,03-10-2024,12312.79,490.89
W00981,C0103,Google Pay,31-12-2024,15891.39,172.21
W00982,C0636,PhonePe,18-04-2025,1803.43,45.84
W00983,C0757,Paytm,19-02-2025,3750.81,104.32
W00984,C0508,PhonePe,31-05-2025,15192.23,545.9
W00985,C0891,Amazon Pay,31-01-2025,537.53,18.01
W00986,C0868,Amazon Pay,01-03-2025,16355.87,678.48
W00987,C0209,PhonePe,22-03-2025,377.59,2.65
W00988,C0933,Amazon Pay,21-05-2025,13176.66,241.66
W00989,C0428,Google Pay,12-11-2024,7365.37,129.67
W00990,C0393,PhonePe,28-02-2025,12268.75,141.96
W00991,C0826,Amazon Pay,15-09-2025,13951.02,251.3
W00992,C0916,PhonePe,22-04-2025,6915.26,130.97
W00993,C0109,PhonePe,01-08-2025,2248.45,64.05
W00994,C0889,Paytm,20-02-2025,1485.95,51.81
W00995,C0348,PhonePe,23-04-2025,11819.83,261.8
W00996,C0050,Paytm,30-04-2025,10461.04,390.99
W00997,C0916,Amazon Pay,15-03-2025,14869.8,299.29
W00998,C0105,Paytm,09-05-2025,10243.74,185.03
W00999,C0420,Paytm,30-09-2024,8506.67,249.7
W01000,C0373,Paytm,25-11-2024,8021.93,48.67
