txn_id,account_id,txn_date,txn_type,amount,merchant,fee
T00001,A00716,06-03-2025,Deposit,40229.52,,0
T00002,A00822,24-12-2024,Transfer,50324.74,,407.38
T00003,A00774,14-11-2023,Withdrawal,83961.38,,1519.09
T00004,A00619,26-10-2023,Payment,65118.24,Google Pay,623.72
T00005,A00763,17-03-2024,Deposit,61544.96,,0
T00006,A00936,26-10-2023,Deposit,17649.64,,0
T00007,A00221,27-08-2025,Withdrawal,51367.67,,293.32
T00008,A00379,10-06-2024,Withdrawal,71566.56,,158.63
T00009,A00222,25-08-2025,Deposit,97328.76,,0
T00010,A00258,29-12-2024,Payment,20220.49,,28.3
T00011,A00713,06-03-2025,Payment,1053.38,,12.14
T00012,A00367,28-12-2024,Transfer,7622.61,,92.85
T00013,A00770,28-04-2025,Withdrawal,37647.66,,42.79
T00014,A00349,30-07-2025,Payment,82072.41,Google Pay,1185.86
T00015,A00225,04-08-2024,Transfer,813.49,,1.72
T00016,A00714,09-05-2025,Payment,45727.39,Flipkart,104.29
T00017,A00738,08-04-2025,Withdrawal,32990.14,,52.68
T00018,A00236,03-02-2024,Transfer,5342.92,,38.89
T00019,A00183,02-01-2025,Transfer,45078.61,,485.45
T00020,A00712,13-03-2025,Transfer,25549.4,,160.73
T00021,A00869,17-02-2024,Payment,35253.29,Amazon,360.39
T00022,A00758,09-01-2025,Withdrawal,70590.97,,793.83
T00023,A00444,18-04-2024,Transfer,52202.94,,769.66
T00024,A00865,03-07-2024,Deposit,12552.28,,0
T00025,A00623,25-12-2023,Withdrawal,96145.31,,1708.05
T00026,A00006,28-06-2024,Deposit,63627.49,,0
T00027,A00236,11-10-2023,Deposit,76610.26,,0
T00028,A00127,08-01-2025,Transfer,8013.39,,95.74
T00029,A00104,02-12-2023,Transfer,4801.13,,26.97
T00030,A00749,04-04-2025,Payment,2042.86,Amazon,20.4
T00031,A00915,02-08-2024,Payment,18960.52,Amazon,165.6
T00032,A00480,15-06-2024,Payment,41499.4,Google Pay,115.87
T00033,A00155,29-11-2023,Withdrawal,93589.03,,1265.39
T00034,A00257,11-11-2023,Payment,45760.26,,353.8
T00035,A00235,30-05-2024,Deposit,29096.49,,0
T00036,A00500,19-02-2024,Payment,56237.33,Google Pay,495.5
T00037,A00289,02-04-2024,Transfer,11282.26,,196.46
T00038,A00510,11-08-2024,Payment,60989.64,Google Pay,123.76
T00039,A00552,08-08-2024,Withdrawal,56886.35,,763.17
T00040,A00800,24-01-2024,Withdrawal,79220.1,,1051.84
T00041,A00709,05-10-2024,Deposit,98670.09,,0
T00042,A00785,21-09-2024,Withdrawal,25162.26,,54.14
T00043,A00894,11-04-2024,Payment,51014.68,PhonePe,756.86
T00044,A00776,16-02-2025,Transfer,90895.65,,1473.53
T00045,A00569,02-07-2025,Withdrawal,78540.47,,241.6
T00046,A00298,18-05-2025,Deposit,48791.89,,0
T00047,A00610,06-06-2024,Payment,94542.63,,438.7
T00048,A00137,25-05-2024,Deposit,5817.95,,0
T00049,A00376,12-03-2024,Withdrawal,93106.76,,1041.81
T00050,A00087,17-03-2025,Withdrawal,5145.69,,18.85
T00051,A00419,26-04-2024,Deposit,54775.74,,0
T00052,A00754,29-02-2024,Payment,89055.05,PhonePe,399.53
T00053,A00199,07-05-2025,Withdrawal,26345.82,,257.92
T00054,A00463,30-08-2025,Transfer,47277.63,,832.81
T00055,A00437,08-07-2025,Withdrawal,32500.46,,79.05
T00056,A00310,04-05-2025,Payment,95219.18,Paytm Wallet,1557.06
T00057,A00596,21-04-2024,Withdrawal,82382.19,,1422.19
T00058,A00754,17-03-2024,Deposit,70929.25,,0
T00059,A00281,22-05-2025,Withdrawal,58803.94,,168.19
T00060,A00323,13-05-2025,Withdrawal,82077.12,,1099.07
T00061,A00764,11-07-2024,Payment,39287.48,,442.82
T00062,A00702,02-08-2024,Deposit,44810.43,,0
T00063,A00951,26-12-2024,Payment,73027.17,,93.5
T00064,A00942,30-12-2023,Withdrawal,35839.7,,99.35
T00065,A00152,08-01-2025,Transfer,6483.7,,99.32
T00066,A00994,07-12-2023,Withdrawal,7526.03,,41.33
T00067,A00302,08-03-2024,Payment,11624.74,,101.39
T00068,A00278,01-12-2023,Transfer,86981.16,,882.49
T00069,A00651,10-10-2023,Payment,47275.42,Amazon,823.93
T00070,A00688,14-10-2024,Payment,71316.95,Amazon,1294.15
T00071,A00008,12-03-2025,Deposit,39351.64,,0
T00072,A00807,26-06-2025,Transfer,25945.22,,107.1
T00073,A00235,01-10-2023,Withdrawal,34784.5,,36.21
T00074,A00675,12-03-2024,Payment,79438.82,PhonePe,668.72
T00075,A00561,17-01-2024,Withdrawal,62559.09,,1163.84
T00076,A00302,28-09-2023,Deposit,93770.21,,0
T00077,A00038,05-02-2025,Deposit,68002.51,,0
T00078,A00136,11-03-2025,Transfer,57061.15,,908.27
T00079,A00822,10-11-2023,Deposit,61058.58,,0
T00080,A00421,13-08-2025,Deposit,94242.91,,0
T00081,A00219,25-06-2024,Withdrawal,78841.27,,506.14
T00082,A00348,09-09-2025,Deposit,2501.72,,0
T00083,A00808,20-04-2025,Deposit,53460.56,,0
T00084,A00546,10-05-2025,Payment,68865.01,PhonePe,980.31
T00085,A00864,22-10-2024,Deposit,74894.98,,0
T00086,A00079,01-01-2024,Payment,21392.9,,318.32
T00087,A00748,08-12-2024,Deposit,86731.02,,0
T00088,A00895,03-10-2024,Deposit,95588.73,,0
T00089,A00273,14-04-2025,Transfer,23747.86,,377.21
T00090,A00161,12-12-2024,Transfer,88273.28,,1198.36
T00091,A00687,24-10-2023,Payment,9788.18,PhonePe,100.3
T00092,A00878,06-10-2024,Deposit,5665.11,,0
T00093,A00308,15-06-2024,Withdrawal,13009.46,,59.95
T00094,A00374,19-08-2025,Transfer,5868.33,,30.14
T00095,A00976,02-11-2023,Withdrawal,84516.72,,178.43
T00096,A00733,09-10-2024,Transfer,5999.11,,89.86
T00097,A00009,03-06-2024,Transfer,27239.25,,58.79
T00098,A00801,28-11-2023,Deposit,10465.26,,0
T00099,A00444,04-11-2023,Transfer,29612.66,,206.06
T00100,A00113,25-01-2024,Withdrawal,9146.89,,17.86
T00101,A00989,31-08-2025,Transfer,66833.52,,672.28
T00102,A00205,17-11-2024,Payment,13419.35,Amazon,247.83
T00103,A00405,15-06-2024,Deposit,85199.41,,0
T00104,A00698,01-04-2024,Deposit,81737.39,,0
T00105,A00853,04-02-2025,Payment,1464.8,Google Pay,16.25
T00106,A00197,18-08-2024,Payment,89583.06,Google Pay,186.4
T00107,A00778,29-05-2025,Payment,2991.54,Google Pay,31.86
T00108,A00774,13-09-2025,Transfer,24040.61,,412.91
T00109,A00760,15-03-2025,Deposit,3335.67,,0
T00110,A00115,14-09-2025,Payment,33650.76,PhonePe,77.46
T00111,A00121,22-08-2025,Transfer,51435.27,,117.85
T00112,A00653,17-05-2024,Payment,79684.82,Paytm Wallet,1384.49
T00113,A00065,20-02-2024,Withdrawal,33864.36,,293.66
T00114,A00276,07-03-2025,Withdrawal,70578.45,,1333.25
T00115,A00825,15-01-2025,Deposit,18831.7,,0
T00116,A00239,07-05-2025,Transfer,75084.79,,887.79
T00117,A00302,14-12-2023,Withdrawal,23676.06,,284.1
T00118,A00392,21-07-2024,Withdrawal,14440.12,,25.34
T00119,A00522,11-06-2024,Transfer,18622.34,,47.63
T00120,A00969,03-12-2023,Payment,18288.11,Amazon,246.71
T00121,A00369,15-11-2023,Transfer,51335,,602.64
T00122,A00233,02-11-2024,Payment,84495.28,Paytm Wallet,592.4
T00123,A00195,26-03-2025,Withdrawal,8052.55,,47.95
T00124,A00907,22-05-2025,Withdrawal,70724.94,,970.69
T00125,A00012,16-09-2024,Withdrawal,65469.21,,456.29
T00126,A00906,27-07-2025,Deposit,87264.74,,0
T00127,A00921,06-04-2025,Deposit,24490.34,,0
T00128,A00689,31-08-2024,Deposit,45065.97,,0
T00129,A00177,15-09-2024,Transfer,92590.15,,559.86
T00130,A00217,29-06-2024,Withdrawal,66033.35,,230.24
T00131,A00011,13-04-2025,Withdrawal,38937.96,,516.49
T00132,A00446,02-05-2024,Transfer,13228.1,,128.14
T00133,A00630,23-04-2024,Deposit,26322.25,,0
T00134,A00164,18-06-2025,Transfer,58163.43,,1084.83
T00135,A00551,04-03-2024,Deposit,71844.98,,0
T00136,A00053,29-09-2023,Withdrawal,12529.75,,235.3
T00137,A00218,10-10-2023,Payment,59999.77,PhonePe,70.62
T00138,A00718,01-03-2025,Deposit,55080.09,,0
T00139,A00999,25-05-2024,Withdrawal,51444.15,,658.59
T00140,A00824,29-11-2023,Withdrawal,69043.3,,807.59
T00141,A00360,29-02-2024,Payment,83761.21,Flipkart,242.88
T00142,A00385,15-12-2024,Withdrawal,32366.67,,362.99
T00143,A00056,05-10-2023,Withdrawal,88912.32,,943.52
T00144,A00118,22-03-2024,Deposit,16147.3,,0
T00145,A00900,16-10-2023,Deposit,17385.08,,0
T00146,A00253,23-09-2024,Payment,26750.53,,94.07
T00147,A00798,08-06-2024,Payment,12041.13,Amazon,91.89
T00148,A00780,25-09-2023,Withdrawal,23108.89,,53.31
T00149,A00803,13-08-2025,Deposit,10730.54,,0
T00150,A00845,16-10-2024,Payment,82193.07,Google Pay,463.68
T00151,A00180,03-02-2024,Payment,13983,Paytm Wallet,89.7
T00152,A00415,12-08-2025,Transfer,74755.03,,697.13
T00153,A00870,04-03-2025,Payment,4886.6,Flipkart,55.32
T00154,A00235,28-08-2024,Withdrawal,94857.18,,640.08
T00155,A00855,27-03-2024,Deposit,71144.89,,0
T00156,A00708,07-04-2024,Payment,778.98,Flipkart,15.34
T00157,A00820,26-08-2025,Transfer,76409.26,,1248.14
T00158,A00080,13-06-2025,Deposit,51456.78,,0
T00159,A00647,05-08-2024,Payment,77958.58,Amazon,861.43
T00160,A00022,10-12-2024,Transfer,52297.43,,715.92
T00161,A00477,19-04-2025,Payment,64138.38,Amazon,739.99
T00162,A00843,08-12-2023,Deposit,78654.53,,0
T00163,A00440,27-11-2023,Deposit,40570.29,,0
T00164,A00737,21-08-2025,Deposit,370.54,,0
T00165,A00570,29-06-2025,Withdrawal,85009.65,,1589.97
T00166,A00093,04-08-2025,Payment,38150.95,Flipkart,113.24
T00167,A00192,13-09-2024,Withdrawal,49654.67,,878.11
T00168,A00103,17-08-2025,Deposit,875.89,,0
T00169,A00396,09-04-2025,Transfer,49259.99,,296.78
T00170,A00007,06-12-2023,Payment,98650.09,,1766.28
T00171,A00640,03-07-2024,Withdrawal,27898.94,,421.44
T00172,A00567,17-05-2024,Payment,39602.29,,156.57
T00173,A00231,26-03-2024,Transfer,68750.28,,436.8
T00174,A00874,30-01-2024,Withdrawal,81497.89,,407.65
T00175,A00574,20-07-2024,Deposit,41797.42,,0
T00176,A00240,05-09-2025,Withdrawal,31035.92,,233.23
T00177,A00090,21-12-2023,Payment,93788.8,Paytm Wallet,1318.9
T00178,A00232,29-06-2024,Payment,67746.78,,1165.61
T00179,A00457,09-12-2023,Payment,11990.23,Flipkart,127.13
T00180,A00233,05-05-2025,Payment,6985.9,Flipkart,40.32
T00181,A00354,13-07-2024,Deposit,48406.63,,0
T00182,A00333,10-10-2024,Withdrawal,22087,,403.2
T00183,A00439,04-01-2024,Deposit,25473.08,,0
T00184,A00375,17-04-2025,Deposit,87781.45,,0
T00185,A00292,09-12-2023,Deposit,9047.65,,0
T00186,A00345,18-05-2025,Payment,71564.88,PhonePe,140.64
T00187,A00664,09-05-2024,Payment,27187.11,Flipkart,354.83
T00188,A00428,07-07-2024,Payment,76056.79,,1274.53
T00189,A00657,14-01-2025,Withdrawal,72268.9,,132.8
T00190,A00130,22-12-2024,Transfer,838.45,,6.15
T00191,A00141,14-11-2023,Payment,50962.63,Google Pay,177.63
T00192,A00415,08-10-2024,Withdrawal,14018.02,,274.98
T00193,A00093,09-09-2025,Payment,86636.08,Paytm Wallet,352.61
T00194,A00626,22-06-2025,Payment,87171.43,PhonePe,818.96
T00195,A00284,07-10-2024,Deposit,41892.75,,0
T00196,A00956,17-10-2024,Deposit,44495.12,,0
T00197,A00923,26-09-2023,Deposit,30397.97,,0
T00198,A00655,21-06-2024,Withdrawal,71688.97,,1032.87
T00199,A00223,20-07-2024,Transfer,35930.27,,418.85
T00200,A00744,08-07-2024,Transfer,26852.47,,83.93
T00201,A00463,06-09-2025,Withdrawal,43279.88,,820.41
T00202,A00545,11-08-2024,Payment,9239.6,,130.55
T00203,A00276,30-06-2025,Withdrawal,74685.66,,286.2
T00204,A00682,20-04-2025,Payment,1358.38,Paytm Wallet,2.29
T00205,A00140,03-04-2025,Withdrawal,64484.06,,516.85
T00206,A00357,26-03-2024,Withdrawal,18368.17,,211.2
T00207,A00713,09-02-2024,Withdrawal,23317.16,,213.72
T00208,A00023,20-04-2024,Transfer,63599.64,,114.15
T00209,A00968,04-11-2023,Deposit,99295.05,,0
T00210,A00736,23-05-2024,Withdrawal,77793.98,,616.78
T00211,A00880,22-06-2025,Transfer,22661.38,,424.42
T00212,A00270,31-12-2023,Deposit,17684.87,,0
T00213,A00859,04-12-2023,Deposit,86636.66,,0
T00214,A00665,29-09-2023,Withdrawal,44473.98,,865.99
T00215,A00333,10-09-2024,Payment,13791.58,,24.25
T00216,A00085,29-05-2024,Payment,86234.92,PhonePe,672.49
T00217,A00621,21-05-2024,Payment,81627.63,Flipkart,1139.46
T00218,A00031,19-12-2024,Withdrawal,98392.25,,1345.19
T00219,A00741,09-07-2025,Payment,90983.39,Google Pay,702.38
T00220,A00240,25-07-2025,Transfer,85193.85,,991.47
T00221,A00890,05-11-2023,Transfer,5352.18,,94.3
T00222,A00363,20-01-2024,Transfer,10531.1,,205.39
T00223,A00822,27-07-2024,Transfer,56941.42,,867.79
T00224,A00389,04-02-2025,Deposit,53194.78,,0
T00225,A00653,15-05-2024,Transfer,45850.53,,852.34
T00226,A00668,19-02-2025,Payment,39739.25,PhonePe,218.49
T00227,A00299,03-09-2025,Withdrawal,43177.93,,176.49
T00228,A00857,11-08-2024,Payment,56972.86,Flipkart,922.84
T00229,A00371,27-03-2024,Transfer,307.44,,1.34
T00230,A00099,12-04-2024,Deposit,26144.81,,0
T00231,A00047,25-01-2024,Transfer,51876.14,,458.25
T00232,A00999,06-03-2024,Withdrawal,72249.39,,318.46
T00233,A00839,21-03-2024,Payment,17498.25,PhonePe,324.86
T00234,A00422,05-05-2024,Withdrawal,54733.43,,868.36
T00235,A00480,22-10-2024,Withdrawal,71474.52,,630.59
T00236,A00579,06-09-2024,Withdrawal,44518.3,,611.16
T00237,A00062,16-03-2024,Payment,2805.41,Amazon,41.99
T00238,A00109,16-03-2025,Transfer,44981.89,,257.08
T00239,A00679,25-10-2024,Withdrawal,29714.84,,119.6
T00240,A00549,11-10-2023,Payment,92972,Google Pay,1331.76
T00241,A00119,09-05-2024,Deposit,12548.88,,0
T00242,A00598,01-04-2025,Payment,65282.35,,539.77
T00243,A00382,03-09-2024,Deposit,5366.7,,0
T00244,A00392,19-08-2025,Payment,44672.43,,77.54
T00245,A00977,11-12-2024,Transfer,55442.55,,551.27
T00246,A00052,09-03-2024,Withdrawal,29865.7,,143.11
T00247,A00603,30-10-2024,Transfer,45562.06,,840.65
T00248,A00289,25-01-2025,Payment,16439.02,Google Pay,125.65
T00249,A00337,10-01-2025,Withdrawal,30481.97,,505.7
T00250,A00810,05-12-2023,Deposit,62148.52,,0
T00251,A00204,14-01-2025,Payment,30249.83,Amazon,531.04
T00252,A00880,10-07-2024,Withdrawal,89984.33,,471.12
T00253,A00238,23-06-2024,Deposit,62877.86,,0
T00254,A00382,03-10-2024,Deposit,43921.04,,0
T00255,A00667,11-09-2025,Transfer,3971.82,,53.78
T00256,A00752,21-03-2025,Payment,50004.88,Flipkart,428.58
T00257,A00136,03-10-2023,Deposit,76501.15,,0
T00258,A00407,05-07-2025,Withdrawal,26629.2,,167.59
T00259,A00508,25-08-2025,Deposit,80696.68,,0
T00260,A00362,25-07-2025,Deposit,25255.5,,0
T00261,A00381,12-10-2024,Transfer,82392.26,,191.07
T00262,A00881,12-06-2024,Transfer,8618.31,,135.25
T00263,A00576,13-12-2024,Withdrawal,86631.75,,664.62
T00264,A00635,19-04-2025,Transfer,49968.73,,533.6
T00265,A00254,18-01-2025,Deposit,29724.11,,0
T00266,A00477,20-07-2024,Deposit,26584.81,,0
T00267,A00114,25-01-2024,Transfer,43257.85,,601.75
T00268,A00020,14-02-2024,Deposit,99905.04,,0
T00269,A00528,25-05-2024,Deposit,22110.71,,0
T00270,A00145,10-08-2025,Withdrawal,10411.34,,177.3
T00271,A00208,11-10-2023,Transfer,58545.01,,426.9
T00272,A00531,29-03-2025,Deposit,48905.39,,0
T00273,A00376,03-03-2024,Transfer,52467.21,,79.98
T00274,A00504,12-05-2024,Withdrawal,66726.85,,1178.65
T00275,A00904,16-12-2023,Transfer,26787.69,,159.74
T00276,A00166,02-03-2025,Deposit,91075.43,,0
T00277,A00550,09-11-2023,Transfer,43623.64,,524.84
T00278,A00181,11-12-2024,Deposit,12995.71,,0
T00279,A00861,23-03-2025,Deposit,74255.65,,0
T00280,A00617,09-03-2024,Deposit,64346.12,,0
T00281,A00612,23-08-2024,Withdrawal,31642.77,,622.97
T00282,A00602,12-09-2025,Transfer,62189.72,,107.39
T00283,A00927,10-09-2024,Withdrawal,22064.21,,272.16
T00284,A00812,10-03-2025,Transfer,44539.45,,337.08
T00285,A00444,27-09-2023,Withdrawal,89951.31,,1434.02
T00286,A00332,04-08-2025,Payment,13440.07,,124.88
T00287,A00503,02-06-2025,Deposit,38730.98,,0
T00288,A00913,09-04-2025,Deposit,82132.13,,0
T00289,A00079,26-03-2024,Withdrawal,96952.14,,1910
T00290,A00585,31-10-2024,Payment,45447.22,Amazon,145.31
T00291,A00935,26-07-2024,Deposit,50749.26,,0
T00292,A00938,16-09-2025,Transfer,57259.98,,1035.87
T00293,A00688,20-11-2023,Withdrawal,93241.58,,429.98
T00294,A00396,07-05-2024,Deposit,85834.86,,0
T00295,A00608,13-02-2024,Deposit,17143.05,,0
T00296,A00857,04-01-2024,Withdrawal,43732.11,,80.61
T00297,A00103,26-07-2025,Withdrawal,46453.64,,431.33
T00298,A00402,30-12-2023,Transfer,78930.7,,858.65
T00299,A00975,09-07-2024,Transfer,60329,,984.79
T00300,A00224,22-05-2025,Deposit,65456.62,,0
T00301,A00518,21-12-2023,Deposit,99820.17,,0
T00302,A00634,05-11-2023,Withdrawal,7588.51,,106.62
T00303,A00236,04-12-2023,Deposit,22378.68,,0
T00304,A00427,07-08-2025,Deposit,40848.8,,0
T00305,A00116,02-04-2024,Withdrawal,34843.46,,657.32
T00306,A00163,05-02-2025,Deposit,2262.39,,0
T00307,A00226,13-11-2023,Deposit,9268.58,,0
T00308,A00230,06-09-2025,Payment,68127.23,,1022.16
T00309,A00182,06-12-2024,Transfer,87944.51,,417.18
T00310,A00249,02-09-2025,Withdrawal,51471.28,,473.26
T00311,A00318,27-10-2023,Payment,53965.19,Paytm Wallet,1026.88
T00312,A00965,04-07-2024,Transfer,25583.83,,473.16
T00313,A00210,01-02-2025,Transfer,76810.85,,986.25
T00314,A00656,27-12-2024,Transfer,75204.28,,1023.11
T00315,A00392,05-11-2024,Payment,58877.73,Flipkart,198.29
T00316,A00857,16-04-2025,Payment,21345.16,Paytm Wallet,386.37
T00317,A00096,19-11-2023,Transfer,9792.12,,104.14
T00318,A00894,19-07-2024,Deposit,6517.43,,0
T00319,A00858,29-03-2025,Deposit,59310.34,,0
T00320,A00756,06-07-2025,Payment,82521.03,Google Pay,1128.14
T00321,A00086,07-04-2024,Payment,85847.21,Flipkart,617.88
T00322,A00415,12-06-2025,Payment,46415.85,Amazon,661.28
T00323,A00394,30-03-2025,Transfer,78448.7,,904.81
T00324,A00696,14-09-2025,Deposit,94693.33,,0
T00325,A00633,18-03-2024,Payment,27589.49,Flipkart,128.15
T00326,A00844,30-04-2024,Payment,39856.24,Flipkart,543.39
T00327,A00501,13-05-2024,Withdrawal,93154.75,,764.22
T00328,A00604,13-12-2023,Transfer,33889.27,,515.61
T00329,A00582,01-08-2024,Withdrawal,91396.24,,393.6
T00330,A00916,07-06-2024,Deposit,98106.38,,0
T00331,A00133,25-03-2024,Withdrawal,66214.89,,782.2
T00332,A00791,07-07-2024,Withdrawal,81707.34,,712.11
T00333,A00649,23-11-2024,Withdrawal,74979.6,,1262.71
T00334,A00314,16-10-2023,Transfer,69983.47,,474.04
T00335,A00699,23-11-2023,Deposit,30762.41,,0
T00336,A00221,03-07-2024,Withdrawal,5803.72,,28.98
T00337,A00976,07-01-2025,Transfer,34370.87,,547.51
T00338,A00438,24-07-2024,Deposit,66726.9,,0
T00339,A00046,24-10-2024,Payment,10342.67,Amazon,129.56
T00340,A00790,12-12-2024,Withdrawal,1290.61,,9.19
T00341,A00192,09-02-2025,Deposit,14055.27,,0
T00342,A00520,10-12-2024,Withdrawal,71602.02,,672.62
T00343,A00379,05-10-2024,Payment,97282.09,Google Pay,1346.08
T00344,A00788,03-04-2025,Deposit,98308.16,,0
T00345,A00691,21-11-2023,Transfer,49448.52,,529.71
T00346,A00334,18-04-2024,Deposit,86948.29,,0
T00347,A00039,27-09-2024,Transfer,73708.96,,1185.31
T00348,A00293,16-04-2024,Deposit,50153.92,,0
T00349,A00690,05-10-2023,Transfer,57318.78,,1102.63
T00350,A00162,07-11-2024,Payment,13808.99,Flipkart,206.9
T00351,A00331,09-05-2024,Payment,93772.38,Google Pay,1267.63
T00352,A00886,06-04-2025,Payment,35257.78,Google Pay,225.37
T00353,A00104,16-06-2025,Deposit,44670.31,,0
T00354,A00161,08-11-2023,Payment,67198.86,Google Pay,914.79
T00355,A00799,21-08-2024,Withdrawal,33456.86,,427.11
T00356,A00635,30-03-2024,Payment,25500.49,,70.75
T00357,A00054,29-09-2024,Transfer,63141.83,,1205.25
T00358,A00940,01-02-2025,Transfer,2595.91,,14.18
T00359,A00034,01-08-2024,Transfer,72100.44,,497.35
T00360,A00242,30-05-2024,Deposit,51450.93,,0
T00361,A00967,25-05-2024,Withdrawal,60614.8,,989.52
T00362,A00890,11-04-2024,Payment,63224.83,PhonePe,240.24
T00363,A00113,27-11-2024,Withdrawal,52752.31,,99.07
T00364,A00318,26-08-2025,Withdrawal,58295.12,,1148.11
T00365,A00023,10-09-2024,Transfer,68410.44,,862.94
T00366,A00558,09-01-2024,Transfer,75336.57,,1175.35
T00367,A00824,17-10-2023,Transfer,72772.49,,702.47
T00368,A00647,25-04-2025,Deposit,86974.68,,0
T00369,A00118,27-04-2025,Withdrawal,19025.4,,339.35
T00370,A00985,13-11-2023,Withdrawal,40174.68,,479.6
T00371,A00701,04-07-2024,Deposit,94784.83,,0
T00372,A00643,27-06-2024,Deposit,39719.4,,0
T00373,A00934,04-08-2024,Deposit,12574.52,,0
T00374,A00212,18-09-2024,Withdrawal,52591.97,,770.4
T00375,A00418,19-06-2025,Withdrawal,11038.15,,91.57
T00376,A00113,28-08-2025,Transfer,20365.04,,175.01
T00377,A00044,07-10-2024,Transfer,99832.04,,379.75
T00378,A00128,31-12-2023,Withdrawal,54182.13,,762.06
T00379,A00876,17-03-2025,Transfer,28477.43,,511.47
T00380,A00158,12-04-2025,Deposit,99478.02,,0
T00381,A00785,07-11-2023,Payment,96659.24,Google Pay,1676.88
T00382,A00827,04-06-2024,Transfer,44129.83,,786.56
T00383,A00394,28-11-2023,Withdrawal,26114.27,,412.34
T00384,A00867,27-06-2025,Transfer,83856.12,,432.53
T00385,A00852,04-06-2024,Transfer,71590.51,,1165.36
T00386,A00512,14-03-2025,Transfer,68725.45,,977.44
T00387,A00914,18-04-2025,Payment,89322.06,Amazon,877.72
T00388,A00045,31-05-2025,Deposit,68972.77,,0
T00389,A00108,30-10-2023,Withdrawal,28451.41,,329.77
T00390,A00219,01-05-2024,Payment,69416.93,PhonePe,1279.49
T00391,A00443,01-11-2024,Withdrawal,30650.77,,101.33
T00392,A00830,02-04-2024,Withdrawal,75947.97,,268.36
T00393,A00315,26-11-2024,Withdrawal,62012.81,,609.48
T00394,A00177,19-04-2024,Payment,7833.41,Google Pay,86.88
T00395,A00228,21-07-2024,Deposit,51332.25,,0
T00396,A00703,15-12-2024,Withdrawal,34395.77,,399.66
T00397,A00983,05-10-2024,Deposit,32924.21,,0
T00398,A00672,05-01-2025,Deposit,60265.4,,0
T00399,A00906,18-09-2024,Transfer,32300.25,,227.03
T00400,A00267,03-01-2024,Payment,77711.69,Amazon,1192.86
T00401,A00870,30-09-2024,Payment,7172.06,Amazon,67.48
T00402,A00838,17-10-2023,Transfer,66072.79,,1089.22
T00403,A00379,27-03-2024,Transfer,80938.56,,1452.72
T00404,A00489,15-05-2024,Deposit,67315.89,,0
T00405,A00702,10-10-2024,Withdrawal,49773.2,,453.34
T00406,A00687,09-01-2025,Payment,95035.67,Paytm Wallet,1732.52
T00407,A00290,21-12-2023,Withdrawal,30063.86,,284.78
T00408,A00996,05-08-2024,Withdrawal,2014.87,,8.11
T00409,A00357,11-06-2025,Transfer,43255.74,,751.28
T00410,A00657,23-02-2025,Withdrawal,3397.89,,32.45
T00411,A00744,02-12-2024,Deposit,95398.28,,0
T00412,A00872,03-03-2025,Transfer,21070.81,,322.04
T00413,A00950,24-06-2024,Withdrawal,78913.81,,1338.17
T00414,A00204,11-01-2024,Transfer,77479.75,,485.71
T00415,A00213,23-05-2025,Deposit,21851.12,,0
T00416,A00552,24-02-2024,Deposit,62160.53,,0
T00417,A00787,29-07-2024,Withdrawal,4903.09,,77.35
T00418,A00323,28-11-2024,Transfer,48409.1,,494.13
T00419,A00594,13-02-2025,Withdrawal,1563.25,,8.67
T00420,A00181,17-08-2025,Withdrawal,92122.27,,862.04
T00421,A00499,23-11-2023,Transfer,97610.99,,1420.96
T00422,A00320,10-06-2025,Withdrawal,22306.05,,121.69
T00423,A00083,10-01-2025,Deposit,20889.79,,0
T00424,A00303,17-04-2024,Transfer,75396.65,,556.51
T00425,A00262,03-12-2024,Transfer,25412.6,,456.6
T00426,A00784,17-06-2024,Transfer,89518.15,,226.57
T00427,A00200,16-03-2025,Transfer,57435.52,,222.03
T00428,A00240,09-05-2025,Withdrawal,35142.68,,290.9
T00429,A00914,28-10-2024,Withdrawal,83286.11,,325.09
T00430,A00692,17-04-2025,Deposit,49391.33,,0
T00431,A00944,22-05-2025,Payment,91172.13,Paytm Wallet,461.8
T00432,A00683,23-07-2024,Payment,92808.62,Flipkart,824.37
T00433,A00295,17-02-2024,Deposit,16625.47,,0
T00434,A00512,19-09-2024,Payment,332.11,Google Pay,2.42
T00435,A00689,19-10-2024,Deposit,98394.7,,0
T00436,A00881,16-04-2024,Withdrawal,90623.14,,892.87
T00437,A00396,14-09-2025,Transfer,5638.98,,12.31
T00438,A00749,25-07-2024,Transfer,83320.12,,1401.86
T00439,A00138,12-06-2024,Withdrawal,45834.71,,385.01
T00440,A00839,02-07-2024,Transfer,25970.26,,405.81
T00441,A00878,09-12-2023,Transfer,87886.78,,1667.67
T00442,A00823,09-06-2025,Payment,19747.06,Google Pay,27.08
T00443,A00129,03-08-2024,Withdrawal,94735.27,,1679.89
T00444,A00049,02-09-2024,Payment,20641.59,PhonePe,246.42
T00445,A00676,22-11-2023,Payment,61406.95,Amazon,617.91
T00446,A00789,11-01-2025,Transfer,22386.32,,423.37
T00447,A00293,27-04-2024,Transfer,54612.3,,364.46
T00448,A00628,03-02-2025,Withdrawal,68429.12,,575.47
T00449,A00536,23-08-2024,Transfer,19103.77,,342.74
T00450,A00311,12-11-2024,Transfer,52136.49,,880
T00451,A00537,07-09-2025,Withdrawal,46959.07,,527.17
T00452,A00903,27-08-2024,Transfer,7196.64,,107.65
T00453,A00639,10-07-2025,Payment,81848.95,Google Pay,1325.75
T00454,A00234,07-09-2025,Withdrawal,33634.67,,607.39
T00455,A00209,14-03-2024,Transfer,57500.76,,590.9
T00456,A00605,06-10-2023,Deposit,51526.95,,0
T00457,A00094,05-03-2024,Withdrawal,51374.72,,317.79
T00458,A00327,23-07-2025,Withdrawal,10811.52,,110.57
T00459,A00225,14-06-2025,Deposit,42405.85,,0
T00460,A00967,03-06-2025,Transfer,45291.44,,379.92
T00461,A00890,09-11-2023,Transfer,73390.92,,1006.09
T00462,A00792,23-06-2024,Withdrawal,84017.88,,1358.12
T00463,A00011,24-05-2025,Withdrawal,54543.73,,805.04
T00464,A00329,15-04-2025,Transfer,8769.62,,148.82
T00465,A00012,19-09-2024,Transfer,23761.26,,438.9
T00466,A00035,01-01-2024,Payment,16576.91,Flipkart,325.47
T00467,A00447,18-04-2025,Withdrawal,12549.04,,139.9
T00468,A00452,09-02-2025,Withdrawal,36653.34,,668.25
T00469,A00740,29-12-2024,Deposit,23016.41,,0
T00470,A00220,20-05-2025,Payment,21908.48,,268.29
T00471,A00441,10-04-2024,Transfer,5563.85,,75.65
T00472,A00653,23-01-2025,Payment,1865.24,Amazon,4.84
T00473,A00535,15-10-2024,Transfer,10366.55,,94.79
T00474,A00595,30-09-2023,Transfer,17302.53,,302.28
T00475,A00229,23-08-2025,Payment,43155.27,,192.16
T00476,A00935,28-05-2024,Withdrawal,51100.97,,303.69
T00477,A00344,04-02-2024,Transfer,14145.13,,102.12
T00478,A00080,09-02-2025,Payment,42535.86,Flipkart,410.02
T00479,A00353,26-08-2024,Deposit,34240.71,,0
T00480,A00396,27-12-2024,Payment,18424.02,Paytm Wallet,136.57
T00481,A00290,17-11-2023,Deposit,783.39,,0
T00482,A00455,05-02-2025,Transfer,46755.08,,828.18
T00483,A00843,11-12-2024,Payment,68596.61,Flipkart,431.26
T00484,A00671,06-12-2024,Payment,22705.11,,433.05
T00485,A00989,03-06-2024,Deposit,13267.5,,0
T00486,A00128,02-12-2024,Payment,88715.57,Amazon,799.3
T00487,A00702,05-02-2025,Payment,27574.97,PhonePe,465.01
T00488,A00909,24-03-2024,Transfer,22438.9,,222.95
T00489,A00543,06-02-2024,Payment,85723.98,Google Pay,1305.7
T00490,A00898,27-05-2024,Withdrawal,81729,,162.61
T00491,A00359,09-01-2024,Deposit,44889.81,,0
T00492,A00527,11-03-2025,Payment,48974.96,Flipkart,934.76
T00493,A00313,04-02-2025,Deposit,21853.1,,0
T00494,A00075,26-08-2024,Deposit,7922.34,,0
T00495,A00546,13-02-2025,Deposit,57385.84,,0
T00496,A00871,11-11-2024,Payment,9924.66,Amazon,52.21
T00497,A00196,08-11-2023,Payment,44982.53,Google Pay,103.63
T00498,A00843,28-03-2024,Deposit,94055.67,,0
T00499,A00029,26-07-2024,Withdrawal,95288.16,,1828.43
T00500,A00706,10-05-2025,Deposit,24009.3,,0
T00501,A00016,10-12-2024,Withdrawal,62448.93,,110.22
T00502,A00423,08-01-2024,Deposit,47460.22,,0
T00503,A00589,24-05-2024,Transfer,87580.94,,139.22
T00504,A00805,26-07-2025,Deposit,27215.94,,0
T00505,A00593,16-04-2025,Deposit,469.87,,0
T00506,A00405,20-07-2024,Payment,16339.86,Paytm Wallet,93.11
T00507,A00940,27-07-2025,Withdrawal,35017.33,,593.38
T00508,A00636,04-03-2025,Transfer,31640.54,,405.17
T00509,A00531,25-12-2023,Withdrawal,79157.16,,437.93
T00510,A00967,01-04-2025,Transfer,68088.01,,680.72
T00511,A00614,06-04-2025,Deposit,30025.68,,0
T00512,A00904,08-05-2025,Payment,45828.61,Paytm Wallet,145.43
T00513,A00077,27-12-2023,Payment,9646.35,Google Pay,183.35
T00514,A00229,15-12-2024,Withdrawal,89824.83,,883.49
T00515,A00962,25-12-2024,Payment,93548.94,Paytm Wallet,549
T00516,A00297,05-02-2025,Withdrawal,97982.37,,784.74
T00517,A00510,26-02-2024,Withdrawal,86868.43,,1086.89
T00518,A00715,20-05-2024,Transfer,17478.69,,337.53
T00519,A00984,29-09-2024,Withdrawal,4715.03,,69.07
T00520,A00966,25-02-2024,Transfer,58001.71,,915.15
T00521,A00573,15-09-2024,Payment,91269.24,Amazon,375.26
T00522,A00538,17-10-2023,Withdrawal,17817.4,,123.11
T00523,A00583,30-05-2024,Withdrawal,803.59,,9.64
T00524,A00615,04-10-2024,Deposit,80569.05,,0
T00525,A00979,29-04-2024,Withdrawal,7771.89,,144.94
T00526,A00326,16-08-2024,Withdrawal,41429.23,,494.67
T00527,A00363,04-10-2024,Deposit,67920.84,,0
T00528,A00669,08-11-2024,Deposit,23756.08,,0
T00529,A00875,16-01-2024,Payment,8487.86,Flipkart,154.92
T00530,A00359,02-11-2023,Withdrawal,77025.12,,626.28
T00531,A00706,09-01-2024,Payment,63054.49,Amazon,1190.97
T00532,A00787,25-11-2024,Payment,98850.2,Amazon,471.34
T00533,A00324,22-10-2023,Deposit,34496.37,,0
T00534,A00698,30-12-2024,Transfer,6270.06,,76.81
T00535,A00326,13-09-2024,Payment,73461.57,Google Pay,1232.75
T00536,A00625,11-05-2024,Transfer,52221.17,,293.18
T00537,A00825,21-09-2024,Withdrawal,21399.07,,304.87
T00538,A00165,03-12-2023,Deposit,78194.73,,0
T00539,A00573,18-11-2024,Withdrawal,20455.17,,137.66
T00540,A00604,29-06-2025,Withdrawal,26140.1,,365.99
T00541,A00798,28-12-2024,Deposit,9343.6,,0
T00542,A00455,05-08-2024,Withdrawal,40003.28,,652.25
T00543,A00969,23-09-2023,Deposit,41951.03,,0
T00544,A00153,29-10-2024,Transfer,51504.72,,830.68
T00545,A00737,11-08-2024,Withdrawal,70925.53,,833.57
T00546,A00127,02-11-2023,Deposit,90619.48,,0
T00547,A00193,19-01-2024,Payment,13859.64,PhonePe,24.67
T00548,A00627,13-09-2024,Withdrawal,5529.38,,61.5
T00549,A00774,30-01-2024,Transfer,1951.27,,26.48
T00550,A00530,13-04-2024,Deposit,14447.78,,0
T00551,A00010,22-07-2025,Withdrawal,65829.15,,152.08
T00552,A00092,12-10-2023,Withdrawal,72774.96,,968.15
T00553,A00139,02-03-2024,Withdrawal,78671.92,,97.58
T00554,A00481,22-07-2025,Transfer,24446.45,,219.56
T00555,A00449,29-03-2025,Deposit,30658.89,,0
T00556,A00333,26-07-2024,Payment,48365.15,PhonePe,498.83
T00557,A00869,20-10-2024,Payment,6411.99,Flipkart,59.23
T00558,A00340,17-05-2025,Payment,61153.04,Google Pay,481.98
T00559,A00961,21-11-2024,Deposit,98375.13,,0
T00560,A00052,26-05-2025,Payment,36144.55,PhonePe,648.43
T00561,A00707,14-11-2023,Transfer,75309.46,,733.14
T00562,A00466,19-09-2024,Deposit,50053.39,,0
T00563,A00718,24-04-2024,Withdrawal,12868.4,,50.27
T00564,A00799,05-09-2024,Transfer,58265.52,,253.26
T00565,A00475,09-01-2025,Withdrawal,30057.44,,328.02
T00566,A00401,20-10-2023,Payment,3536.88,Paytm Wallet,47.25
T00567,A00439,15-09-2024,Transfer,63529.48,,806.97
T00568,A00878,20-10-2023,Deposit,85907.34,,0
T00569,A00605,17-12-2023,Transfer,34542.5,,638.09
T00570,A00932,23-09-2023,Withdrawal,39090.53,,614.43
T00571,A00997,20-09-2025,Deposit,89113.07,,0
T00572,A00922,20-07-2025,Transfer,81379.52,,800.17
T00573,A00821,28-05-2024,Transfer,71523.79,,1193.66
T00574,A00657,27-03-2024,Transfer,24954.83,,305.87
T00575,A00598,30-05-2025,Transfer,91030.64,,648.48
T00576,A00509,09-05-2024,Deposit,15526.13,,0
T00577,A00153,08-11-2024,Withdrawal,62714.37,,355.24
T00578,A00514,23-05-2025,Transfer,2977.24,,55.85
T00579,A00503,01-06-2024,Deposit,64407.61,,0
T00580,A00854,27-11-2023,Withdrawal,27786.72,,175.05
T00581,A00901,20-02-2025,Transfer,45022.73,,430.65
T00582,A00772,05-09-2025,Withdrawal,34591.93,,527.84
T00583,A00676,24-06-2025,Withdrawal,17358.4,,205.3
T00584,A00006,22-10-2023,Deposit,62235.88,,0
T00585,A00500,06-12-2023,Withdrawal,88209.36,,1208.08
T00586,A00661,02-07-2024,Deposit,95912.52,,0
T00587,A00717,30-10-2024,Transfer,19315.4,,142.77
T00588,A00118,03-06-2025,Withdrawal,71765.54,,745.77
T00589,A00485,16-01-2025,Withdrawal,66467.5,,476.92
T00590,A00601,24-09-2023,Payment,34403.44,PhonePe,353.1
T00591,A00666,07-11-2024,Transfer,2008.01,,15.55
T00592,A00951,25-04-2024,Transfer,69010.15,,407.76
T00593,A00679,25-07-2025,Payment,94554.94,Paytm Wallet,596.97
T00594,A00468,23-06-2024,Payment,63248.8,Flipkart,779.66
T00595,A00161,22-11-2023,Deposit,43585.74,,0
T00596,A00270,05-03-2024,Deposit,52562.87,,0
T00597,A00056,07-09-2024,Withdrawal,20042.92,,355.2
T00598,A00228,09-08-2025,Withdrawal,75079.36,,867.92
T00599,A00849,24-03-2025,Withdrawal,74667.34,,807.6
T00600,A00149,18-06-2024,Withdrawal,14637.18,,67.77
T00601,A00046,29-06-2024,Deposit,87810.04,,0
T00602,A00144,26-01-2025,Transfer,26992.05,,150.77
T00603,A00750,29-12-2024,Withdrawal,98227.38,,856.75
T00604,A00784,23-11-2024,Transfer,38352.01,,442.9
T00605,A00632,24-02-2025,Withdrawal,17870.62,,99.47
T00606,A00340,22-08-2025,Payment,35236.84,Amazon,353.98
T00607,A00413,16-04-2024,Withdrawal,44074.01,,640.18
T00608,A00732,17-07-2024,Withdrawal,7023.85,,66.83
T00609,A00520,14-04-2024,Withdrawal,57864.02,,76.82
T00610,A00344,25-08-2024,Deposit,59803.48,,0
T00611,A00387,02-07-2025,Payment,73919.15,Amazon,487.16
T00612,A00473,06-10-2024,Withdrawal,3014.07,,26.17
T00613,A00275,25-05-2024,Withdrawal,54169.7,,304.59
T00614,A00353,01-06-2025,Transfer,5385.45,,73.32
T00615,A00066,29-03-2025,Payment,70144.31,PhonePe,561.95
T00616,A00079,06-03-2025,Withdrawal,5667.23,,65.26
T00617,A00598,02-03-2024,Transfer,91181.61,,686.72
T00618,A00636,28-09-2023,Transfer,70238.05,,1400.27
T00619,A00202,24-02-2025,Deposit,50788.24,,0
T00620,A00978,02-06-2024,Transfer,44206.24,,506.49
T00621,A00662,04-11-2023,Withdrawal,13154.2,,101.08
T00622,A00558,29-05-2025,Deposit,29170.84,,0
T00623,A00113,06-09-2025,Deposit,86909.01,,0
T00624,A00091,30-06-2024,Withdrawal,90454.84,,870.28
T00625,A00141,01-07-2025,Payment,174.7,Paytm Wallet,1.19
T00626,A00289,21-01-2025,Transfer,59454.23,,319.88
T00627,A00901,25-02-2025,Deposit,71958.13,,0
T00628,A00730,27-02-2024,Payment,61912.82,,910.39
T00629,A00589,25-01-2024,Withdrawal,8259.81,,57.78
T00630,A00411,19-03-2025,Transfer,21850.72,,330.27
T00631,A00377,04-12-2023,Transfer,25108.99,,478.74
T00632,A00384,28-07-2024,Deposit,83189.29,,0
T00633,A00846,23-08-2024,Transfer,46373.62,,654.48
T00634,A00152,03-12-2024,Transfer,48734.14,,226.09
T00635,A00835,26-08-2025,Transfer,93495.82,,1405.57
T00636,A00751,03-09-2024,Transfer,63744.88,,398.63
T00637,A00627,19-10-2024,Withdrawal,89876.9,,1096.69
T00638,A00319,27-01-2025,Payment,45705.23,,705.87
T00639,A00369,17-03-2024,Withdrawal,15028.68,,185.44
T00640,A00606,24-05-2024,Withdrawal,93000.57,,1825.57
T00641,A00995,30-08-2025,Deposit,45924.64,,0
T00642,A00560,24-09-2023,Transfer,18244.98,,306.88
T00643,A00703,18-07-2025,Withdrawal,30309.33,,200.91
T00644,A00462,25-03-2025,Transfer,5175.18,,40.66
T00645,A00012,06-07-2025,Withdrawal,46883.23,,316.14
T00646,A00156,05-06-2025,Withdrawal,85327.5,,1233.18
T00647,A00684,18-03-2025,Deposit,93364.69,,0
T00648,A00477,27-08-2025,Payment,93266.96,,317.58
T00649,A00939,09-09-2024,Payment,12610.48,Amazon,23.52
T00650,A00401,16-09-2024,Withdrawal,38267.18,,77.91
T00651,A00808,17-05-2024,Deposit,2920.05,,0
T00652,A00177,25-02-2024,Transfer,85531.02,,560.28
T00653,A00341,25-07-2024,Transfer,35939.7,,680.62
T00654,A00057,15-05-2024,Withdrawal,63148.59,,828.48
T00655,A00855,28-12-2023,Payment,71518.35,Google Pay,1094.45
T00656,A00852,02-08-2024,Deposit,43041.48,,0
T00657,A00448,02-06-2024,Payment,30713.59,Amazon,90.58
T00658,A00203,15-03-2024,Transfer,96225.07,,118.65
T00659,A00697,13-05-2025,Payment,96452.37,Google Pay,617.53
T00660,A00633,14-10-2023,Transfer,29014.69,,292.92
T00661,A00738,02-05-2025,Deposit,48014.55,,0
T00662,A00202,21-12-2023,Deposit,97287.13,,0
T00663,A00330,20-04-2024,Withdrawal,586.35,,4.38
T00664,A00363,26-04-2024,Withdrawal,41326.56,,799.44
T00665,A00892,14-07-2025,Payment,10135.71,Paytm Wallet,58.76
T00666,A00454,21-06-2025,Deposit,50964.88,,0
T00667,A00356,08-05-2024,Deposit,2564.53,,0
T00668,A00216,07-08-2025,Withdrawal,40749.15,,707.92
T00669,A00972,29-08-2025,Transfer,22147.84,,70.16
T00670,A00555,17-11-2023,Payment,53377.51,PhonePe,119.65
T00671,A00887,23-09-2023,Payment,99599.77,,1030.18
T00672,A00023,30-11-2023,Withdrawal,80073.56,,957.95
T00673,A00155,14-09-2025,Deposit,84579.64,,0
T00674,A00186,03-12-2023,Withdrawal,63562.97,,892.59
T00675,A00249,04-11-2024,Withdrawal,4251.83,,16.51
T00676,A00749,21-12-2023,Withdrawal,20759.09,,340.69
T00677,A00805,02-12-2024,Withdrawal,92513.95,,1760.85
T00678,A00134,22-08-2024,Transfer,36674.7,,96.03
T00679,A00321,27-05-2024,Transfer,10453.31,,59.75
T00680,A00390,16-06-2025,Deposit,70270.3,,0
T00681,A00434,23-07-2025,Withdrawal,30015.83,,348.29
T00682,A00022,13-06-2025,Transfer,26958.81,,240.13
T00683,A00873,23-06-2025,Deposit,99797.95,,0
T00684,A00600,18-05-2024,Withdrawal,85828.08,,1057.95
T00685,A00665,19-04-2024,Payment,40852.99,Paytm Wallet,520.87
T00686,A00125,07-01-2025,Transfer,98028.09,,1542.78
T00687,A00079,07-04-2025,Deposit,65046.31,,0
T00688,A00858,24-09-2023,Payment,74228.04,Paytm Wallet,610.69
T00689,A00968,15-02-2025,Withdrawal,3248.15,,59.32
T00690,A00051,16-11-2023,Withdrawal,12248.37,,81.45
T00691,A00728,02-06-2025,Withdrawal,63345.2,,771.67
T00692,A00176,30-12-2023,Transfer,89912.5,,822.5
T00693,A00870,23-10-2024,Deposit,62412,,0
T00694,A00253,20-01-2024,Payment,13489.09,PhonePe,159.22
T00695,A00966,26-11-2023,Deposit,11664.43,,0
T00696,A00246,15-10-2024,Transfer,84434.17,,181.06
T00697,A00739,21-05-2025,Deposit,14016.3,,0
T00698,A00106,22-02-2025,Transfer,52071.17,,1001.96
T00699,A00193,26-01-2024,Withdrawal,3807.62,,10.99
T00700,A00316,13-04-2025,Payment,8158.91,Paytm Wallet,126.4
T00701,A00302,20-04-2024,Withdrawal,67267.59,,866.73
T00702,A00548,11-06-2025,Deposit,68949.22,,0
T00703,A00954,05-07-2025,Withdrawal,34212.79,,206.24
T00704,A00716,04-01-2024,Payment,21639.42,PhonePe,55.02
T00705,A00934,06-12-2024,Withdrawal,81389.66,,452.32
T00706,A00779,22-02-2024,Payment,21788.61,Flipkart,250.3
T00707,A00268,19-07-2024,Payment,54248.5,PhonePe,215.59
T00708,A00170,17-01-2024,Withdrawal,96824.06,,848.36
T00709,A00551,25-10-2024,Transfer,14870.46,,209.64
T00710,A00455,25-07-2024,Deposit,94093.54,,0
T00711,A00651,28-11-2023,Transfer,18371.02,,182.39
T00712,A00292,09-09-2024,Transfer,56787.58,,92
T00713,A00564,28-05-2025,Withdrawal,37763.07,,244.48
T00714,A00799,29-06-2025,Deposit,96496.37,,0
T00715,A00801,25-01-2024,Deposit,27426.85,,0
T00716,A00141,18-11-2024,Transfer,40025.83,,255.03
T00717,A00146,04-11-2024,Withdrawal,98287.73,,1703.57
T00718,A00425,29-10-2024,Deposit,53693.39,,0
T00719,A00314,03-10-2024,Transfer,50312.75,,118.36
T00720,A00184,06-08-2025,Deposit,25852.07,,0
T00721,A00664,27-05-2025,Withdrawal,70166.22,,381.36
T00722,A00713,24-02-2024,Withdrawal,1535.86,,9.26
T00723,A00128,27-01-2024,Withdrawal,5046.31,,80.91
T00724,A00287,14-10-2024,Deposit,59975.92,,0
T00725,A00823,20-01-2025,Payment,34233.29,,417.85
T00726,A00253,29-01-2025,Deposit,95336.31,,0
T00727,A00778,20-01-2025,Payment,90328.75,Google Pay,1470.03
T00728,A00700,12-03-2024,Withdrawal,71399.26,,339.76
T00729,A00386,10-11-2023,Transfer,81832.74,,260.29
T00730,A00230,14-09-2024,Payment,66766.45,Google Pay,351.95
T00731,A00271,16-03-2025,Withdrawal,12645.65,,48.44
T00732,A00771,18-02-2025,Withdrawal,76577.78,,463.07
T00733,A00811,11-06-2024,Payment,21098.18,,78.12
T00734,A00415,10-12-2024,Transfer,32411.94,,69.14
T00735,A00198,08-06-2024,Withdrawal,81941.5,,1315.98
T00736,A00323,28-07-2025,Payment,53698.91,Google Pay,660.81
T00737,A00056,12-08-2025,Transfer,86008.08,,1432.94
T00738,A00831,10-07-2025,Transfer,21382.23,,395.63
T00739,A00203,09-12-2024,Withdrawal,60817.07,,568.27
T00740,A00783,22-03-2024,Deposit,8470.72,,0
T00741,A00621,01-05-2024,Deposit,64341.79,,0
T00742,A00628,02-08-2025,Withdrawal,76277.15,,755.55
T00743,A00604,21-07-2024,Transfer,58534.6,,396.73
T00744,A00138,26-11-2023,Withdrawal,26696.53,,230.86
T00745,A00422,17-02-2025,Payment,3231.13,PhonePe,19.94
T00746,A00815,25-01-2025,Deposit,12032.94,,0
T00747,A00057,30-11-2023,Payment,62268.07,Flipkart,701.12
T00748,A00562,28-06-2025,Withdrawal,93448.58,,870.7
T00749,A00071,12-02-2025,Withdrawal,20732.79,,256.31
T00750,A00911,28-05-2024,Transfer,73529.11,,1316.1
T00751,A00914,08-08-2024,Transfer,86658.46,,1296.08
T00752,A00594,28-09-2023,Transfer,52136.13,,650.17
T00753,A00372,15-04-2025,Payment,66959.65,Google Pay,99.87
T00754,A00617,06-11-2024,Transfer,81520.03,,436.1
T00755,A00600,19-01-2025,Withdrawal,26141.45,,361.06
T00756,A00514,02-01-2025,Transfer,29759.88,,516.33
T00757,A00872,03-04-2025,Deposit,162.69,,0
T00758,A00084,06-11-2023,Transfer,96313.1,,1170.72
T00759,A00994,12-11-2024,Payment,91762.73,Flipkart,127.93
T00760,A00043,28-01-2024,Deposit,76480.37,,0
T00761,A00666,08-05-2024,Deposit,7999.69,,0
T00762,A00839,01-04-2025,Deposit,44805.54,,0
T00763,A00934,12-04-2025,Payment,10278.99,,159.64
T00764,A00606,13-02-2025,Withdrawal,1690.43,,28.07
T00765,A00810,12-03-2025,Transfer,61656.68,,736.72
T00766,A00133,26-01-2025,Deposit,96086.86,,0
T00767,A00395,23-07-2024,Deposit,90296.52,,0
T00768,A00065,19-07-2024,Deposit,69705.81,,0
T00769,A00290,26-05-2025,Withdrawal,9754.39,,151.18
T00770,A00376,24-06-2024,Withdrawal,27488.99,,118.99
T00771,A00769,13-09-2024,Payment,32073.67,Flipkart,348.33
T00772,A00467,27-03-2025,Withdrawal,76338.69,,717.76
T00773,A00898,15-02-2025,Transfer,80244.69,,504.34
T00774,A00213,04-03-2024,Payment,38572.1,Paytm Wallet,769.2
T00775,A00148,15-05-2024,Payment,41846.61,Amazon,388.41
T00776,A00573,06-01-2025,Transfer,4546.45,,74.88
T00777,A00471,23-11-2024,Transfer,28984.76,,562.65
T00778,A00149,11-02-2025,Transfer,45183.39,,448.68
T00779,A00088,05-09-2025,Payment,11786.61,Paytm Wallet,103.23
T00780,A00324,31-07-2024,Payment,45381.42,,322.21
T00781,A00895,24-04-2025,Payment,85332.26,Google Pay,254.92
T00782,A00396,15-09-2024,Transfer,58173.97,,235.93
T00783,A00790,04-09-2025,Transfer,7985.09,,70.44
T00784,A00404,05-12-2024,Deposit,19247.96,,0
T00785,A00082,23-01-2025,Withdrawal,47506.98,,494.73
T00786,A00641,12-06-2025,Deposit,36212.57,,0
T00787,A00286,06-10-2023,Transfer,35936.83,,488.35
T00788,A00382,23-11-2023,Payment,52973.82,Google Pay,456.03
T00789,A00865,11-03-2025,Transfer,58481.15,,903.5
T00790,A00792,23-06-2025,Withdrawal,79706.47,,135.28
T00791,A00270,19-01-2024,Deposit,34162.56,,0
T00792,A00292,18-04-2024,Deposit,80566.08,,0
T00793,A00453,12-02-2025,Payment,33927.26,Flipkart,90.69
T00794,A00715,19-09-2024,Deposit,5637.76,,0
T00795,A00024,24-12-2023,Deposit,55463.35,,0
T00796,A00956,05-02-2025,Transfer,58831.44,,340.96
T00797,A00863,28-05-2024,Deposit,93460.57,,0
T00798,A00311,21-03-2024,Deposit,72633.53,,0
T00799,A00461,11-03-2025,Deposit,91785.49,,0
T00800,A00208,11-03-2025,Payment,90843.89,PhonePe,290.93
T00801,A00792,21-07-2025,Payment,60496.95,Amazon,948.5
T00802,A00717,31-10-2023,Transfer,52823.43,,920.89
T00803,A00664,11-02-2024,Deposit,55788.35,,0
T00804,A00438,18-07-2024,Payment,97835.25,PhonePe,1631.27
T00805,A00538,25-11-2023,Payment,77339.45,,79.03
T00806,A00706,30-01-2025,Transfer,10715.96,,187.72
T00807,A00336,03-09-2025,Withdrawal,77865,,761.33
T00808,A00422,25-02-2024,Deposit,17136.75,,0
T00809,A00750,22-12-2023,Payment,44790.32,Google Pay,90.92
T00810,A00321,21-09-2024,Transfer,21124.92,,229.21
T00811,A00497,11-04-2024,Transfer,68989.35,,885.14
T00812,A00587,02-10-2023,Transfer,87743.24,,918.79
T00813,A00947,30-11-2023,Payment,29107.15,Flipkart,273.57
T00814,A00163,18-12-2023,Deposit,8292.87,,0
T00815,A00811,01-01-2024,Withdrawal,29919.46,,59.26
T00816,A00541,19-10-2024,Deposit,67268.95,,0
T00817,A00165,16-05-2024,Transfer,32943.14,,200.1
T00818,A00849,08-10-2023,Transfer,27883.41,,97.29
T00819,A00698,24-10-2023,Withdrawal,18525.08,,119.9
T00820,A00566,14-09-2024,Deposit,49801.89,,0
T00821,A00295,30-11-2023,Transfer,27667.29,,490.71
T00822,A00042,30-03-2024,Transfer,73127.93,,746.6
T00823,A00924,17-08-2024,Deposit,7754.58,,0
T00824,A00285,18-09-2025,Transfer,66436.9,,102.88
T00825,A00939,18-07-2025,Deposit,23832.25,,0
T00826,A00387,19-12-2024,Transfer,48979,,635.28
T00827,A00138,04-10-2023,Deposit,28680.38,,0
T00828,A00187,03-06-2025,Withdrawal,72304.59,,1170.39
T00829,A00910,26-02-2024,Transfer,94536.17,,1369.44
T00830,A00716,19-08-2024,Withdrawal,91715.97,,633.23
T00831,A00431,24-02-2025,Transfer,58384.28,,73.55
T00832,A00554,15-06-2025,Transfer,46314.77,,405.34
T00833,A00862,03-09-2024,Payment,81848.22,Google Pay,431.28
T00834,A00416,25-08-2024,Deposit,68364.3,,0
T00835,A00800,04-04-2024,Withdrawal,18438.06,,313.2
T00836,A00426,01-03-2024,Withdrawal,82109.83,,259.12
T00837,A00416,23-09-2024,Withdrawal,42945.55,,815.71
T00838,A00026,27-09-2024,Deposit,18979.67,,0
T00839,A00371,11-04-2025,Payment,28251.56,PhonePe,375.93
T00840,A00385,23-06-2025,Withdrawal,26825.95,,105.3
T00841,A00056,29-02-2024,Deposit,51968.78,,0
T00842,A00253,10-04-2025,Transfer,23513.57,,440.18
T00843,A00634,14-09-2025,Withdrawal,12444.29,,81.45
T00844,A00106,12-05-2025,Withdrawal,12456.72,,179.41
T00845,A00130,31-01-2024,Payment,58369.29,PhonePe,519.15
T00846,A00849,06-09-2024,Withdrawal,73502.45,,747.34
T00847,A00670,21-11-2024,Withdrawal,32221.15,,321.31
T00848,A00376,18-09-2025,Transfer,3561.61,,34.47
T00849,A00743,21-01-2024,Deposit,12809.77,,0
T00850,A00967,05-01-2025,Deposit,91477.99,,0
T00851,A00308,31-01-2025,Payment,49405.01,Amazon,185.18
T00852,A00091,07-05-2025,Transfer,45411.92,,209.88
T00853,A00393,19-03-2025,Deposit,3901.11,,0
T00854,A00534,04-05-2025,Transfer,72890.84,,902.98
T00855,A00802,14-11-2024,Deposit,52854,,0
T00856,A00110,30-08-2024,Transfer,20287.89,,307.96
T00857,A00561,30-07-2024,Payment,11096.37,Amazon,39.88
T00858,A00641,30-03-2024,Withdrawal,38400.45,,89.33
T00859,A00585,31-03-2024,Payment,83732.48,Flipkart,1312.99
T00860,A00340,20-11-2024,Deposit,86542.93,,0
T00861,A00565,31-03-2025,Payment,60324.35,Amazon,1039.62
T00862,A00979,02-10-2023,Withdrawal,72780.89,,542.77
T00863,A00356,22-08-2024,Payment,11604.06,PhonePe,185.28
T00864,A00892,03-02-2024,Deposit,58853.79,,0
T00865,A00168,14-11-2024,Deposit,66729.87,,0
T00866,A00557,21-12-2023,Payment,20151.21,PhonePe,122.44
T00867,A00452,15-10-2023,Withdrawal,88027.46,,92.32
T00868,A00905,29-08-2025,Payment,19580.17,,289.69
T00869,A00105,15-06-2025,Withdrawal,31416.39,,531.32
T00870,A00150,12-05-2024,Transfer,62093.63,,746.28
T00871,A00146,17-07-2025,Withdrawal,63871.17,,864.74
T00872,A00716,30-04-2025,Transfer,69968.54,,1220.25
T00873,A00874,27-03-2024,Payment,11289.97,PhonePe,107.08
T00874,A00299,14-10-2023,Withdrawal,84961.5,,866.82
T00875,A00167,12-07-2025,Transfer,53331.43,,390.19
T00876,A00713,24-09-2024,Transfer,47185.05,,731.11
T00877,A00646,16-03-2025,Transfer,98111.65,,801.28
T00878,A00723,17-12-2024,Deposit,74063.79,,0
T00879,A00048,12-04-2024,Payment,11888.8,Flipkart,222.61
T00880,A00638,27-03-2025,Transfer,75678.26,,1326.07
T00881,A00239,07-12-2023,Withdrawal,9615.37,,188.8
T00882,A00007,23-04-2024,Transfer,2844.31,,15.75
T00883,A00464,03-07-2024,Deposit,40422.23,,0
T00884,A00453,25-09-2023,Payment,99358.46,Paytm Wallet,822.33
T00885,A00784,03-09-2024,Deposit,17570.91,,0
T00886,A00897,25-03-2024,Deposit,67297.17,,0
T00887,A00371,01-07-2024,Deposit,17422.27,,0
T00888,A00549,26-05-2024,Withdrawal,72506.22,,1251.77
T00889,A00487,19-02-2025,Payment,50584.83,,445.39
T00890,A00211,09-08-2025,Payment,68029.17,,479.29
T00891,A00165,12-05-2025,Withdrawal,20367.03,,203.4
T00892,A00125,16-11-2024,Payment,74588.27,Flipkart,1369.08
T00893,A00337,04-02-2024,Deposit,99562.34,,0
T00894,A00192,08-06-2024,Payment,66598.49,Flipkart,549
T00895,A00730,23-10-2023,Withdrawal,49398.65,,977.1
T00896,A00214,29-08-2025,Deposit,92325.08,,0
T00897,A00574,07-03-2025,Withdrawal,1683.6,,27.03
T00898,A00328,22-01-2025,Transfer,73019.36,,977.61
T00899,A00957,23-03-2024,Deposit,88885.78,,0
T00900,A00381,27-12-2023,Deposit,6261.29,,0
T00901,A00673,12-11-2023,Payment,45061.41,Amazon,175.29
T00902,A00578,18-05-2024,Deposit,20551.47,,0
T00903,A00798,22-07-2024,Withdrawal,56695.16,,1096.01
T00904,A00239,26-01-2024,Payment,64989.34,,220.88
T00905,A00532,10-09-2025,Transfer,30332.06,,586.67
T00906,A00700,02-02-2025,Withdrawal,46052.17,,336.54
T00907,A00082,23-11-2023,Transfer,28006.01,,81.41
T00908,A00363,16-10-2024,Transfer,37002.18,,631.1
T00909,A00505,22-11-2024,Transfer,16038.04,,46.42
T00910,A00202,12-10-2023,Deposit,88567.39,,0
T00911,A00920,03-03-2024,Withdrawal,1100.04,,20.13
T00912,A00504,23-01-2024,Withdrawal,88252.68,,113.99
T00913,A00644,21-06-2024,Deposit,57210.72,,0
T00914,A00037,05-09-2024,Payment,33232.62,Amazon,124.26
T00915,A00644,21-08-2024,Transfer,72333.41,,1269.29
T00916,A00589,31-03-2024,Withdrawal,50824.44,,987.48
T00917,A00601,03-09-2025,Deposit,49960.95,,0
T00918,A00973,19-06-2024,Transfer,11103.21,,26.89
T00919,A00402,19-06-2025,Payment,39012.65,PhonePe,618.31
T00920,A00765,03-03-2025,Payment,24182.33,,145.95
T00921,A00856,16-12-2024,Transfer,1668.02,,21.42
T00922,A00706,18-11-2024,Payment,36073.95,,308.51
T00923,A00176,03-12-2024,Withdrawal,9073.23,,22.92
T00924,A00545,19-07-2024,Withdrawal,25757.32,,186.55
T00925,A00570,01-03-2025,Withdrawal,9342.41,,129.04
T00926,A00467,28-07-2024,Payment,10184.07,Google Pay,113.44
T00927,A00201,16-01-2024,Withdrawal,19981.23,,382.21
T00928,A00540,31-10-2024,Deposit,99984.94,,0
T00929,A00547,24-03-2024,Withdrawal,318.2,,4.11
T00930,A00999,19-03-2024,Withdrawal,63903.4,,1141.4
T00931,A00637,20-11-2024,Payment,14210.25,Paytm Wallet,145.95
T00932,A00394,08-05-2025,Withdrawal,92070.75,,1038.49
T00933,A00833,09-11-2023,Transfer,9453.93,,120.36
T00934,A00042,25-08-2025,Deposit,95510.81,,0
T00935,A00597,04-01-2025,Payment,61131.55,,333.82
T00936,A00393,03-12-2023,Deposit,226.68,,0
T00937,A00700,19-12-2024,Transfer,89411.32,,1252.08
T00938,A00623,02-05-2024,Payment,52219.01,PhonePe,337.35
T00939,A00783,17-07-2025,Payment,26340.71,Amazon,140.19
T00940,A00995,01-12-2023,Withdrawal,76751.19,,208.55
T00941,A00441,03-06-2024,Deposit,92673.89,,0
T00942,A00837,04-10-2024,Transfer,48420.71,,948.49
T00943,A00617,10-02-2025,Transfer,31623.79,,488.49
T00944,A00506,09-05-2024,Payment,78915.62,Amazon,1134.33
T00945,A00918,27-02-2024,Withdrawal,68210.37,,198.47
T00946,A00320,05-06-2024,Payment,88886.37,Google Pay,369.85
T00947,A00553,14-06-2025,Payment,69282.15,Paytm Wallet,463.49
T00948,A00215,08-07-2025,Payment,24428.48,PhonePe,37.86
T00949,A00071,07-06-2024,Payment,93172.76,Amazon,667.41
T00950,A00568,22-02-2024,Transfer,10573.09,,21.85
T00951,A00919,03-04-2025,Transfer,26867.48,,209.86
T00952,A00236,29-06-2024,Payment,52067.44,Flipkart,478.14
T00953,A00281,07-06-2025,Payment,56617.63,PhonePe,319.31
T00954,A00987,29-09-2024,Withdrawal,1629.53,,14.39
T00955,A00617,16-06-2025,Payment,78079.22,PhonePe,1089.53
T00956,A00902,04-02-2024,Transfer,36224.57,,160.15
T00957,A00887,22-09-2025,Deposit,40701.21,,0
T00958,A00162,21-10-2024,Transfer,80956.02,,350.24
T00959,A00191,16-03-2025,Withdrawal,37990.41,,477.93
T00960,A00009,05-04-2025,Transfer,4817.77,,39.83
T00961,A00060,18-11-2024,Deposit,17726.33,,0
T00962,A00893,07-02-2025,Payment,95594.73,Paytm Wallet,1336.37
T00963,A00817,08-08-2024,Deposit,7133.5,,0
T00964,A00225,24-10-2023,Payment,35557.63,Amazon,371.78
T00965,A00819,01-08-2025,Payment,50367.6,PhonePe,608.44
T00966,A00700,19-01-2025,Transfer,49378.75,,267.22
T00967,A00582,19-04-2025,Transfer,495.6,,6.5
T00968,A00805,06-08-2024,Transfer,50166.16,,488.21
T00969,A00287,25-10-2023,Withdrawal,38438.87,,525.46
T00970,A00994,25-10-2024,Transfer,97210.73,,1757.5
T00971,A00169,11-08-2025,Withdrawal,15999.99,,157.44
T00972,A00062,22-09-2025,Transfer,35480,,229.38
T00973,A00349,29-09-2024,Payment,42006.2,Google Pay,478.26
T00974,A00442,24-10-2024,Withdrawal,39130.28,,94.04
T00975,A00014,18-12-2024,Deposit,66616.5,,0
T00976,A00164,08-01-2025,Withdrawal,21629.73,,410.09
T00977,A00420,10-03-2025,Withdrawal,22185.05,,438.5
T00978,A00757,02-03-2025,Deposit,72948.17,,0
T00979,A00847,13-08-2025,Withdrawal,50079.02,,334.72
T00980,A00520,14-08-2025,Payment,41574.05,Google Pay,801.49
T00981,A00666,26-01-2025,Transfer,17003.38,,240.02
T00982,A00548,26-02-2025,Deposit,18833.97,,0
T00983,A00560,22-09-2025,Transfer,1154.11,,11.17
T00984,A00597,24-07-2025,Payment,9233.48,Amazon,62.24
T00985,A00028,09-12-2023,Deposit,55728.19,,0
T00986,A00708,14-11-2023,Transfer,89198.13,,1782.9
T00987,A00446,04-10-2024,Transfer,28787.76,,495.53
T00988,A00208,30-06-2024,Payment,32841.95,Google Pay,99.39
T00989,A00470,31-01-2025,Transfer,11649,,96.06
T00990,A00716,08-03-2024,Payment,38924.23,Flipkart,304.4
T00991,A00976,29-09-2024,Withdrawal,3818.45,,25.28
T00992,A00819,14-07-2024,Payment,91768.31,Paytm Wallet,1311.03
T00993,A00104,04-10-2023,Withdrawal,67343.82,,95.42
T00994,A00742,23-10-2024,Deposit,99075.81,,0
T00995,A00426,03-12-2024,Transfer,88294.03,,1480.75
T00996,A00101,28-01-2024,Payment,47351.76,Google Pay,403.45
T00997,A00541,19-08-2024,Payment,52016.53,Google Pay,60.02
T00998,A00639,05-08-2024,Transfer,19138.55,,333.71
T00999,A00850,10-02-2025,Transfer,46257.73,,730.31
T01000,A00522,27-03-2025,Deposit,90312.48,,0
